#
# There is insufficient memory for the Java Runtime Environment to continue.
# Native memory allocation (mmap) failed to map 230686720 bytes. Error detail: G1 virtual space
# Possible reasons:
#   The system is out of physical RAM or swap space
#   This process is running with CompressedOops enabled, and the Java Heap may be blocking the growth of the native heap
# Possible solutions:
#   Reduce memory load on the system
#   Increase physical memory or swap space
#   Check if swap backing store is full
#   Decrease Java heap size (-Xmx/-Xms)
#   Decrease number of Java threads
#   Decrease Java thread stack sizes (-Xss)
#   Set larger code cache with -XX:ReservedCodeCacheSize=
#   JVM is running with Zero Based Compressed Oops mode in which the Java heap is
#     placed in the first 32GB address space. The Java Heap base address is the
#     maximum limit for the native heap growth. Please use -XX:HeapBaseMinAddress
#     to set the Java Heap base and to place the Java Heap above 32GB virtual address.
# This output file may be truncated or incomplete.
#
#  Out of Memory Error (os_windows.cpp:3825), pid=22628, tid=10512
#
# JRE version: OpenJDK Runtime Environment (17.0.11) (build 17.0.11+0--11852314)
# Java VM: OpenJDK 64-Bit Server VM (17.0.11+0--11852314, mixed mode, tiered, compressed oops, compressed class ptrs, g1 gc, windows-amd64)
# No core dump will be written. Minidumps are not enabled by default on client versions of Windows
#

---------------  S U M M A R Y ------------

Command Line: --add-opens=java.base/java.util=ALL-UNNAMED --add-opens=java.base/java.lang=ALL-UNNAMED --add-opens=java.base/java.lang.invoke=ALL-UNNAMED --add-opens=java.base/java.util=ALL-UNNAMED --add-opens=java.prefs/java.util.prefs=ALL-UNNAMED --add-opens=java.prefs/java.util.prefs=ALL-UNNAMED --add-opens=java.base/java.nio.charset=ALL-UNNAMED --add-opens=java.base/java.net=ALL-UNNAMED --add-opens=java.base/java.util.concurrent.atomic=ALL-UNNAMED -Xmx4608m -Dfile.encoding=windows-1251 -Duser.country=RU -Duser.language=ru -Duser.variant org.gradle.launcher.daemon.bootstrap.GradleDaemon 7.5

Host: 12th Gen Intel(R) Core(TM) i3-1215U, 8 cores, 15G,  Windows 11 , 64 bit Build 22621 (10.0.22621.4391)
Time: Mon Dec  2 21:47:17 2024  Windows 11 , 64 bit Build 22621 (10.0.22621.4391) elapsed time: 136.638165 seconds (0d 0h 2m 16s)

---------------  T H R E A D  ---------------

Current thread (0x00000294ff31ebe0):  VMThread "VM Thread" [stack: 0x000000d122700000,0x000000d122800000] [id=10512]

Stack: [0x000000d122700000,0x000000d122800000]
Native frames: (J=compiled Java code, j=interpreted, Vv=VM code, C=native code)
V  [jvm.dll+0x687bb9]
V  [jvm.dll+0x84142a]
V  [jvm.dll+0x8430ae]
V  [jvm.dll+0x843713]
V  [jvm.dll+0x24a35f]
V  [jvm.dll+0x684989]
V  [jvm.dll+0x67923a]
V  [jvm.dll+0x30af0b]
V  [jvm.dll+0x3123b6]
V  [jvm.dll+0x361dfe]
V  [jvm.dll+0x36202f]
V  [jvm.dll+0x2e0d38]
V  [jvm.dll+0x2e3e26]
V  [jvm.dll+0x2ee63a]
V  [jvm.dll+0x323270]
V  [jvm.dll+0x847e0b]
V  [jvm.dll+0x848b42]
V  [jvm.dll+0x84905d]
V  [jvm.dll+0x849434]
V  [jvm.dll+0x849500]
V  [jvm.dll+0x7efa4a]
V  [jvm.dll+0x686a35]
C  [ucrtbase.dll+0x29333]
C  [KERNEL32.DLL+0x1259d]
C  [ntdll.dll+0x5af38]

VM_Operation (0x000000d1223ffa60): G1PauseRemark, mode: safepoint, requested by thread 0x00000294f31eb350


---------------  P R O C E S S  ---------------

Threads class SMR info:
_java_thread_list=0x00000294b2ac0350, length=181, elements={
0x00000294f316ffb0, 0x000002949585b030, 0x000002949585ba00, 0x00000294958455c0,
0x0000029495845e90, 0x000002949589f410, 0x000002949589fce0, 0x00000294958a09d0,
0x00000294958a1480, 0x00000294958a1e80, 0x0000029495a33030, 0x0000029495a34130,
0x000002949bd3b460, 0x000002949b66bb20, 0x000002949ace1630, 0x000002949af3a800,
0x000002949b6fac90, 0x000002949b6fb980, 0x000002949b876e20, 0x000002949b877840,
0x000002949b877d50, 0x000002949b877330, 0x000002949bb7fd60, 0x000002949bb7ee30,
0x000002949bb7f850, 0x000002949bb80780, 0x000002949bb7f340, 0x000002949bb81bc0,
0x000002949bb80c90, 0x000002949bb811a0, 0x000002949bb816b0, 0x000002949bb820d0,
0x000002949bb825e0, 0x000002949c576530, 0x000002949c576a40, 0x000002949c57a1f0,
0x000002949c576f50, 0x000002949c577e80, 0x000002949c57bb40, 0x000002949c578db0,
0x000002949c57d9a0, 0x000002949c57ca70, 0x000002949c57a700, 0x000002949c577970,
0x000002949c5788a0, 0x000002949c5792c0, 0x000002949c57ac10, 0x000002949c20f730,
0x000002949c20f220, 0x000002949c20dde0, 0x000002949c20ceb0, 0x000002949c20ba70,
0x000002949c20fc40, 0x000002949c210150, 0x000002949c20c9a0, 0x000002949c210b70,
0x000002949c20ab40, 0x000002949c210660, 0x000002949c20d3c0, 0x000002949c20d8d0,
0x000002949c211590, 0x000002949c20a120, 0x000002949c20a630, 0x000002949c20b050,
0x000002949c20bf80, 0x000002949c20e2f0, 0x000002949c20c490, 0x000002949c20e800,
0x000002949fd46930, 0x000002949fd46e40, 0x000002949fd48280, 0x000002949fd491b0,
0x000002949fd4ab00, 0x000002949fd47860, 0x000002949fd48ca0, 0x000002949fd48790,
0x000002949fd47350, 0x000002949fd45f10, 0x000002949fd45a00, 0x000002949fd4a5f0,
0x000002949fd46420, 0x000002949fd4bf40, 0x000002949fd496c0, 0x000002949fd44ad0,
0x000002949fd4b010, 0x000002949fd4b520, 0x000002949fd49bd0, 0x000002949fd4a0e0,
0x000002949fd4c450, 0x000002949fd47d70, 0x000002949fd4ba30, 0x000002949fd44fe0,
0x000002949fd454f0, 0x000002949aaebf60, 0x000002949aaf0640, 0x000002949aaf0b50,
0x000002949aaf1060, 0x000002949aaeb540, 0x000002949aaec470, 0x000002949aaeba50,
0x000002949aaec980, 0x000002949aaf0130, 0x000002949aaf1a80, 0x000002949aaed8b0,
0x000002949aaf24a0, 0x000002949aaef710, 0x000002949aaf1f90, 0x000002949aaee2d0,
0x000002949aaeb030, 0x000002949aaf1570, 0x000002949aaeecf0, 0x000002949aaef200,
0x000002949aaee7e0, 0x000002949aaed3a0, 0x000002949aaf29b0, 0x000002949aaece90,
0x000002949aaefc20, 0x000002949aaeddc0, 0x0000029495b5c020, 0x0000029495b58870,
0x0000029495b5c530, 0x0000029495b5d970, 0x0000029495b5ca40, 0x0000029495b5b600,
0x0000029495b5f2c0, 0x0000029495b5cf50, 0x0000029495b57e50, 0x0000029495b5edb0,
0x0000029495b5a1c0, 0x0000029495b597a0, 0x0000029495b5de80, 0x0000029495b5d460,
0x0000029495b5a6d0, 0x0000029495b5b0f0, 0x0000029495b5e390, 0x00000294a07364d0,
0x00000294a0730ec0, 0x00000294a0737400, 0x00000294a0733740, 0x000002949b878770,
0x000002949bbb2920, 0x000002949bbb65e0, 0x000002949bbb3d60, 0x000002949bbb8440,
0x000002949bbb7000, 0x000002949bbb1f00, 0x000002949bbb8950, 0x000002949bbb3850,
0x000002949bbb51a0, 0x0000029495b5bb10, 0x000002949c576020, 0x000002949c211080,
0x00000294a7cc20f0, 0x00000294a7cbe430, 0x00000294a7cbb190, 0x00000294a7cc11c0,
0x00000294a7cc16d0, 0x00000294a7cc1be0, 0x00000294a7cbd500, 0x00000294a7cbbbb0,
0x00000294a7cbc0c0, 0x00000294a7cbda10, 0x00000294a7cbdf20, 0x000002949bbb5bc0,
0x000002949bbb2410, 0x000002949bbb6af0, 0x00000294a0734670, 0x00000294a0738840,
0x00000294a878b9b0, 0x00000294a878ec50, 0x00000294a878dd20, 0x00000294a87914d0,
0x00000294a878c3d0, 0x00000294a878e230, 0x00000294a8790ab0, 0x00000294a8790fc0,
0x00000294a878f670, 0x00000294a87919e0, 0x00000294a8791ef0, 0x00000294a0ae0fb0,
0x00000294a0ae64b0
}

Java Threads: ( => current thread )
  0x00000294f316ffb0 JavaThread "main" [_thread_blocked, id=7552, stack(0x000000d122100000,0x000000d122200000)]
  0x000002949585b030 JavaThread "Reference Handler" daemon [_thread_blocked, id=21212, stack(0x000000d122800000,0x000000d122900000)]
  0x000002949585ba00 JavaThread "Finalizer" daemon [_thread_blocked, id=10472, stack(0x000000d122900000,0x000000d122a00000)]
  0x00000294958455c0 JavaThread "Signal Dispatcher" daemon [_thread_blocked, id=19204, stack(0x000000d122a00000,0x000000d122b00000)]
  0x0000029495845e90 JavaThread "Attach Listener" daemon [_thread_blocked, id=2440, stack(0x000000d122b00000,0x000000d122c00000)]
  0x000002949589f410 JavaThread "Service Thread" daemon [_thread_blocked, id=5572, stack(0x000000d122c00000,0x000000d122d00000)]
  0x000002949589fce0 JavaThread "Monitor Deflation Thread" daemon [_thread_blocked, id=22600, stack(0x000000d122d00000,0x000000d122e00000)]
  0x00000294958a09d0 JavaThread "C2 CompilerThread0" daemon [_thread_blocked, id=21744, stack(0x000000d122e00000,0x000000d122f00000)]
  0x00000294958a1480 JavaThread "C1 CompilerThread0" daemon [_thread_blocked, id=19752, stack(0x000000d122f00000,0x000000d123000000)]
  0x00000294958a1e80 JavaThread "Sweeper thread" daemon [_thread_blocked, id=12152, stack(0x000000d123000000,0x000000d123100000)]
  0x0000029495a33030 JavaThread "Common-Cleaner" daemon [_thread_blocked, id=19900, stack(0x000000d123100000,0x000000d123200000)]
  0x0000029495a34130 JavaThread "Notification Thread" daemon [_thread_blocked, id=2452, stack(0x000000d123200000,0x000000d123300000)]
  0x000002949bd3b460 JavaThread "Daemon health stats" [_thread_blocked, id=6852, stack(0x000000d123a00000,0x000000d123b00000)]
  0x000002949b66bb20 JavaThread "Incoming local TCP Connector on port 51566" [_thread_in_native, id=11552, stack(0x000000d123b00000,0x000000d123c00000)]
  0x000002949ace1630 JavaThread "Daemon periodic checks" [_thread_blocked, id=21496, stack(0x000000d123c00000,0x000000d123d00000)]
  0x000002949af3a800 JavaThread "Daemon" [_thread_blocked, id=17708, stack(0x000000d123d00000,0x000000d123e00000)]
  0x000002949b6fac90 JavaThread "Handler for socket connection from /127.0.0.1:51566 to /127.0.0.1:51567" [_thread_in_native, id=23888, stack(0x000000d123e00000,0x000000d123f00000)]
  0x000002949b6fb980 JavaThread "Cancel handler" [_thread_blocked, id=24032, stack(0x000000d123f00000,0x000000d124000000)]
  0x000002949b876e20 JavaThread "Daemon worker" [_thread_blocked, id=14352, stack(0x000000d124000000,0x000000d124100000)]
  0x000002949b877840 JavaThread "Asynchronous log dispatcher for DefaultDaemonConnection: socket connection from /127.0.0.1:51566 to /127.0.0.1:51567" [_thread_blocked, id=16840, stack(0x000000d124100000,0x000000d124200000)]
  0x000002949b877d50 JavaThread "Stdin handler" [_thread_blocked, id=9200, stack(0x000000d124200000,0x000000d124300000)]
  0x000002949b877330 JavaThread "Daemon client event forwarder" [_thread_blocked, id=13976, stack(0x000000d124300000,0x000000d124400000)]
  0x000002949bb7fd60 JavaThread "Cache worker for journal cache (C:\Users\skvorcov.v\.gradle\caches\journal-1)" [_thread_blocked, id=21720, stack(0x000000d124400000,0x000000d124500000)]
  0x000002949bb7ee30 JavaThread "File lock request listener" [_thread_in_native, id=15112, stack(0x000000d124500000,0x000000d124600000)]
  0x000002949bb7f850 JavaThread "Cache worker for file hash cache (C:\Users\skvorcov.v\.gradle\caches\7.5\fileHashes)" [_thread_blocked, id=2968, stack(0x000000d124900000,0x000000d124a00000)]
  0x000002949bb80780 JavaThread "File watcher server" daemon [_thread_blocked, id=9552, stack(0x000000d124b00000,0x000000d124c00000)]
  0x000002949bb7f340 JavaThread "File watcher consumer" daemon [_thread_blocked, id=21872, stack(0x000000d124c00000,0x000000d124d00000)]
  0x000002949bb81bc0 JavaThread "Cache worker for checksums cache (D:\Flutter\projects\GitHub\IODesk\android\.gradle\7.5\checksums)" [_thread_blocked, id=8012, stack(0x000000d124d00000,0x000000d124e00000)]
  0x000002949bb80c90 JavaThread "Cache worker for cache directory md-rule (C:\Users\skvorcov.v\.gradle\caches\7.5\md-rule)" [_thread_blocked, id=21852, stack(0x000000d124e00000,0x000000d124f00000)]
  0x000002949bb811a0 JavaThread "Cache worker for file content cache (C:\Users\skvorcov.v\.gradle\caches\7.5\fileContent)" [_thread_blocked, id=20532, stack(0x000000d124f00000,0x000000d125000000)]
  0x000002949bb816b0 JavaThread "Cache worker for file hash cache (D:\Flutter\projects\GitHub\IODesk\android\.gradle\7.5\fileHashes)" [_thread_blocked, id=8044, stack(0x000000d125000000,0x000000d125100000)]
  0x000002949bb820d0 JavaThread "Cache worker for cache directory md-supplier (C:\Users\skvorcov.v\.gradle\caches\7.5\md-supplier)" [_thread_blocked, id=22728, stack(0x000000d125100000,0x000000d125200000)]
  0x000002949bb825e0 JavaThread "Cache worker for execution history cache (C:\Users\skvorcov.v\.gradle\caches\7.5\executionHistory)" [_thread_blocked, id=8728, stack(0x000000d125200000,0x000000d125300000)]
  0x000002949c576530 JavaThread "jar transforms" [_thread_blocked, id=18456, stack(0x000000d125300000,0x000000d125400000)]
  0x000002949c576a40 JavaThread "Cache worker for kotlin-dsl (C:\Users\skvorcov.v\.gradle\caches\7.5\kotlin-dsl)" [_thread_blocked, id=14580, stack(0x000000d125400000,0x000000d125500000)]
  0x000002949c57a1f0 JavaThread "jar transforms Thread 2" [_thread_blocked, id=11876, stack(0x000000d125500000,0x000000d125600000)]
  0x000002949c576f50 JavaThread "Cache worker for dependencies-accessors (D:\Flutter\projects\GitHub\IODesk\android\.gradle\7.5\dependencies-accessors)" [_thread_blocked, id=20304, stack(0x000000d125600000,0x000000d125700000)]
  0x000002949c577e80 JavaThread "Cache worker for Build Output Cleanup Cache (D:\Flutter\flutter\packages\flutter_tools\gradle\.gradle\buildOutputCleanup)" [_thread_blocked, id=15104, stack(0x000000d125700000,0x000000d125800000)]
  0x000002949c57bb40 JavaThread "jar transforms Thread 3" [_thread_blocked, id=22428, stack(0x000000d125800000,0x000000d125900000)]
  0x000002949c578db0 JavaThread "Memory manager" [_thread_blocked, id=19560, stack(0x000000d125900000,0x000000d125a00000)]
  0x000002949c57d9a0 JavaThread "jar transforms Thread 4" [_thread_blocked, id=8752, stack(0x000000d125a00000,0x000000d125b00000)]
  0x000002949c57ca70 JavaThread "included builds" [_thread_blocked, id=15336, stack(0x000000d125b00000,0x000000d125c00000)]
  0x000002949c57a700 JavaThread "Execution worker" [_thread_blocked, id=7204, stack(0x000000d125c00000,0x000000d125d00000)]
  0x000002949c577970 JavaThread "Execution worker Thread 2" [_thread_blocked, id=2476, stack(0x000000d125d00000,0x000000d125e00000)]
  0x000002949c5788a0 JavaThread "Execution worker Thread 3" [_thread_blocked, id=8516, stack(0x000000d125e00000,0x000000d125f00000)]
  0x000002949c5792c0 JavaThread "Execution worker Thread 4" [_thread_blocked, id=19892, stack(0x000000d125f00000,0x000000d126000000)]
  0x000002949c57ac10 JavaThread "Execution worker Thread 5" [_thread_blocked, id=17168, stack(0x000000d126000000,0x000000d126100000)]
  0x000002949c20f730 JavaThread "Execution worker Thread 6" [_thread_blocked, id=20812, stack(0x000000d126100000,0x000000d126200000)]
  0x000002949c20f220 JavaThread "Execution worker Thread 7" [_thread_blocked, id=18728, stack(0x000000d126200000,0x000000d126300000)]
  0x000002949c20dde0 JavaThread "Cache worker for execution history cache (D:\Flutter\flutter\packages\flutter_tools\gradle\.gradle\7.5\executionHistory)" [_thread_blocked, id=14592, stack(0x000000d126300000,0x000000d126400000)]
  0x000002949c20ceb0 JavaThread "Unconstrained build operations" [_thread_blocked, id=15540, stack(0x000000d126400000,0x000000d126500000)]
  0x000002949c20ba70 JavaThread "Unconstrained build operations Thread 2" [_thread_blocked, id=22616, stack(0x000000d126500000,0x000000d126600000)]
  0x000002949c20fc40 JavaThread "Unconstrained build operations Thread 3" [_thread_blocked, id=9052, stack(0x000000d126600000,0x000000d126700000)]
  0x000002949c210150 JavaThread "Unconstrained build operations Thread 4" [_thread_blocked, id=3552, stack(0x000000d126700000,0x000000d126800000)]
  0x000002949c20c9a0 JavaThread "Unconstrained build operations Thread 5" [_thread_blocked, id=4820, stack(0x000000d126800000,0x000000d126900000)]
  0x000002949c210b70 JavaThread "Unconstrained build operations Thread 6" [_thread_blocked, id=13944, stack(0x000000d126900000,0x000000d126a00000)]
  0x000002949c20ab40 JavaThread "Unconstrained build operations Thread 7" [_thread_blocked, id=6716, stack(0x000000d126a00000,0x000000d126b00000)]
  0x000002949c210660 JavaThread "Unconstrained build operations Thread 8" [_thread_blocked, id=18892, stack(0x000000d126b00000,0x000000d126c00000)]
  0x000002949c20d3c0 JavaThread "Unconstrained build operations Thread 9" [_thread_blocked, id=20792, stack(0x000000d126c00000,0x000000d126d00000)]
  0x000002949c20d8d0 JavaThread "Unconstrained build operations Thread 10" [_thread_blocked, id=22212, stack(0x000000d126d00000,0x000000d126e00000)]
  0x000002949c211590 JavaThread "Unconstrained build operations Thread 11" [_thread_blocked, id=17440, stack(0x000000d124a00000,0x000000d124b00000)]
  0x000002949c20a120 JavaThread "Unconstrained build operations Thread 12" [_thread_blocked, id=16640, stack(0x000000d126f00000,0x000000d127000000)]
  0x000002949c20a630 JavaThread "Unconstrained build operations Thread 13" [_thread_blocked, id=11620, stack(0x000000d127000000,0x000000d127100000)]
  0x000002949c20b050 JavaThread "Unconstrained build operations Thread 14" [_thread_blocked, id=12064, stack(0x000000d127100000,0x000000d127200000)]
  0x000002949c20bf80 JavaThread "Unconstrained build operations Thread 15" [_thread_blocked, id=18496, stack(0x000000d127200000,0x000000d127300000)]
  0x000002949c20e2f0 JavaThread "Unconstrained build operations Thread 16" [_thread_blocked, id=18340, stack(0x000000d127300000,0x000000d127400000)]
  0x000002949c20c490 JavaThread "Unconstrained build operations Thread 17" [_thread_blocked, id=8304, stack(0x000000d127400000,0x000000d127500000)]
  0x000002949c20e800 JavaThread "Unconstrained build operations Thread 18" [_thread_blocked, id=23292, stack(0x000000d127500000,0x000000d127600000)]
  0x000002949fd46930 JavaThread "Unconstrained build operations Thread 19" [_thread_blocked, id=16216, stack(0x000000d127600000,0x000000d127700000)]
  0x000002949fd46e40 JavaThread "Unconstrained build operations Thread 20" [_thread_blocked, id=23100, stack(0x000000d127700000,0x000000d127800000)]
  0x000002949fd48280 JavaThread "Unconstrained build operations Thread 21" [_thread_blocked, id=22268, stack(0x000000d127800000,0x000000d127900000)]
  0x000002949fd491b0 JavaThread "Unconstrained build operations Thread 22" [_thread_blocked, id=20584, stack(0x000000d127900000,0x000000d127a00000)]
  0x000002949fd4ab00 JavaThread "Unconstrained build operations Thread 23" [_thread_blocked, id=19908, stack(0x000000d127a00000,0x000000d127b00000)]
  0x000002949fd47860 JavaThread "Unconstrained build operations Thread 24" [_thread_blocked, id=21864, stack(0x000000d127b00000,0x000000d127c00000)]
  0x000002949fd48ca0 JavaThread "Unconstrained build operations Thread 25" [_thread_blocked, id=10076, stack(0x000000d127c00000,0x000000d127d00000)]
  0x000002949fd48790 JavaThread "Unconstrained build operations Thread 26" [_thread_blocked, id=21600, stack(0x000000d127d00000,0x000000d127e00000)]
  0x000002949fd47350 JavaThread "Unconstrained build operations Thread 27" [_thread_blocked, id=21776, stack(0x000000d127e00000,0x000000d127f00000)]
  0x000002949fd45f10 JavaThread "Unconstrained build operations Thread 28" [_thread_blocked, id=11396, stack(0x000000d127f00000,0x000000d128000000)]
  0x000002949fd45a00 JavaThread "Unconstrained build operations Thread 29" [_thread_blocked, id=22200, stack(0x000000d128000000,0x000000d128100000)]
  0x000002949fd4a5f0 JavaThread "Unconstrained build operations Thread 30" [_thread_blocked, id=1912, stack(0x000000d128100000,0x000000d128200000)]
  0x000002949fd46420 JavaThread "Unconstrained build operations Thread 31" [_thread_blocked, id=21240, stack(0x000000d128200000,0x000000d128300000)]
  0x000002949fd4bf40 JavaThread "Unconstrained build operations Thread 32" [_thread_blocked, id=17816, stack(0x000000d128300000,0x000000d128400000)]
  0x000002949fd496c0 JavaThread "Unconstrained build operations Thread 33" [_thread_blocked, id=15456, stack(0x000000d128400000,0x000000d128500000)]
  0x000002949fd44ad0 JavaThread "Unconstrained build operations Thread 34" [_thread_blocked, id=15864, stack(0x000000d128500000,0x000000d128600000)]
  0x000002949fd4b010 JavaThread "Unconstrained build operations Thread 35" [_thread_blocked, id=15012, stack(0x000000d128600000,0x000000d128700000)]
  0x000002949fd4b520 JavaThread "Unconstrained build operations Thread 36" [_thread_blocked, id=20836, stack(0x000000d128700000,0x000000d128800000)]
  0x000002949fd49bd0 JavaThread "Unconstrained build operations Thread 37" [_thread_blocked, id=11652, stack(0x000000d128800000,0x000000d128900000)]
  0x000002949fd4a0e0 JavaThread "Unconstrained build operations Thread 38" [_thread_blocked, id=22692, stack(0x000000d128900000,0x000000d128a00000)]
  0x000002949fd4c450 JavaThread "Unconstrained build operations Thread 39" [_thread_blocked, id=24540, stack(0x000000d128a00000,0x000000d128b00000)]
  0x000002949fd47d70 JavaThread "Unconstrained build operations Thread 40" [_thread_blocked, id=68, stack(0x000000d128b00000,0x000000d128c00000)]
  0x000002949fd4ba30 JavaThread "Unconstrained build operations Thread 41" [_thread_blocked, id=3596, stack(0x000000d128c00000,0x000000d128d00000)]
  0x000002949fd44fe0 JavaThread "Unconstrained build operations Thread 42" [_thread_blocked, id=22544, stack(0x000000d128d00000,0x000000d128e00000)]
  0x000002949fd454f0 JavaThread "Unconstrained build operations Thread 43" [_thread_blocked, id=20544, stack(0x000000d128e00000,0x000000d128f00000)]
  0x000002949aaebf60 JavaThread "Unconstrained build operations Thread 44" [_thread_blocked, id=11368, stack(0x000000d128f00000,0x000000d129000000)]
  0x000002949aaf0640 JavaThread "Unconstrained build operations Thread 45" [_thread_blocked, id=21592, stack(0x000000d129000000,0x000000d129100000)]
  0x000002949aaf0b50 JavaThread "Unconstrained build operations Thread 46" [_thread_blocked, id=7576, stack(0x000000d129100000,0x000000d129200000)]
  0x000002949aaf1060 JavaThread "Unconstrained build operations Thread 47" [_thread_blocked, id=14528, stack(0x000000d129200000,0x000000d129300000)]
  0x000002949aaeb540 JavaThread "Unconstrained build operations Thread 48" [_thread_blocked, id=3192, stack(0x000000d129300000,0x000000d129400000)]
  0x000002949aaec470 JavaThread "Unconstrained build operations Thread 49" [_thread_blocked, id=17008, stack(0x000000d129400000,0x000000d129500000)]
  0x000002949aaeba50 JavaThread "Unconstrained build operations Thread 50" [_thread_blocked, id=23508, stack(0x000000d129500000,0x000000d129600000)]
  0x000002949aaec980 JavaThread "Unconstrained build operations Thread 51" [_thread_blocked, id=7016, stack(0x000000d129600000,0x000000d129700000)]
  0x000002949aaf0130 JavaThread "Unconstrained build operations Thread 52" [_thread_blocked, id=3708, stack(0x000000d129700000,0x000000d129800000)]
  0x000002949aaf1a80 JavaThread "Unconstrained build operations Thread 53" [_thread_blocked, id=20080, stack(0x000000d129800000,0x000000d129900000)]
  0x000002949aaed8b0 JavaThread "Unconstrained build operations Thread 54" [_thread_blocked, id=8040, stack(0x000000d129900000,0x000000d129a00000)]
  0x000002949aaf24a0 JavaThread "Unconstrained build operations Thread 55" [_thread_blocked, id=15148, stack(0x000000d129a00000,0x000000d129b00000)]
  0x000002949aaef710 JavaThread "Unconstrained build operations Thread 56" [_thread_blocked, id=24272, stack(0x000000d129b00000,0x000000d129c00000)]
  0x000002949aaf1f90 JavaThread "Unconstrained build operations Thread 57" [_thread_blocked, id=20888, stack(0x000000d129c00000,0x000000d129d00000)]
  0x000002949aaee2d0 JavaThread "Unconstrained build operations Thread 58" [_thread_blocked, id=19620, stack(0x000000d129d00000,0x000000d129e00000)]
  0x000002949aaeb030 JavaThread "Unconstrained build operations Thread 59" [_thread_blocked, id=19052, stack(0x000000d129e00000,0x000000d129f00000)]
  0x000002949aaf1570 JavaThread "Unconstrained build operations Thread 60" [_thread_blocked, id=13696, stack(0x000000d129f00000,0x000000d12a000000)]
  0x000002949aaeecf0 JavaThread "Unconstrained build operations Thread 61" [_thread_blocked, id=15860, stack(0x000000d12a000000,0x000000d12a100000)]
  0x000002949aaef200 JavaThread "Unconstrained build operations Thread 62" [_thread_blocked, id=8636, stack(0x000000d12a100000,0x000000d12a200000)]
  0x000002949aaee7e0 JavaThread "Unconstrained build operations Thread 63" [_thread_blocked, id=23344, stack(0x000000d12a200000,0x000000d12a300000)]
  0x000002949aaed3a0 JavaThread "Unconstrained build operations Thread 64" [_thread_blocked, id=4336, stack(0x000000d12a300000,0x000000d12a400000)]
  0x000002949aaf29b0 JavaThread "Unconstrained build operations Thread 65" [_thread_blocked, id=20840, stack(0x000000d12a400000,0x000000d12a500000)]
  0x000002949aaece90 JavaThread "Unconstrained build operations Thread 66" [_thread_blocked, id=120, stack(0x000000d12a500000,0x000000d12a600000)]
  0x000002949aaefc20 JavaThread "Unconstrained build operations Thread 67" [_thread_blocked, id=460, stack(0x000000d12a600000,0x000000d12a700000)]
  0x000002949aaeddc0 JavaThread "Unconstrained build operations Thread 68" [_thread_blocked, id=22672, stack(0x000000d12a700000,0x000000d12a800000)]
  0x0000029495b5c020 JavaThread "Unconstrained build operations Thread 69" [_thread_blocked, id=11932, stack(0x000000d12a800000,0x000000d12a900000)]
  0x0000029495b58870 JavaThread "Unconstrained build operations Thread 70" [_thread_blocked, id=14864, stack(0x000000d12a900000,0x000000d12aa00000)]
  0x0000029495b5c530 JavaThread "Unconstrained build operations Thread 71" [_thread_blocked, id=24284, stack(0x000000d12aa00000,0x000000d12ab00000)]
  0x0000029495b5d970 JavaThread "Unconstrained build operations Thread 72" [_thread_blocked, id=22160, stack(0x000000d12ab00000,0x000000d12ac00000)]
  0x0000029495b5ca40 JavaThread "Unconstrained build operations Thread 73" [_thread_blocked, id=10300, stack(0x000000d12ac00000,0x000000d12ad00000)]
  0x0000029495b5b600 JavaThread "Unconstrained build operations Thread 74" [_thread_blocked, id=1828, stack(0x000000d12ad00000,0x000000d12ae00000)]
  0x0000029495b5f2c0 JavaThread "Unconstrained build operations Thread 75" [_thread_blocked, id=21948, stack(0x000000d12ae00000,0x000000d12af00000)]
  0x0000029495b5cf50 JavaThread "Unconstrained build operations Thread 76" [_thread_blocked, id=23220, stack(0x000000d12af00000,0x000000d12b000000)]
  0x0000029495b57e50 JavaThread "Unconstrained build operations Thread 77" [_thread_blocked, id=11064, stack(0x000000d12b000000,0x000000d12b100000)]
  0x0000029495b5edb0 JavaThread "Unconstrained build operations Thread 78" [_thread_blocked, id=21492, stack(0x000000d12b100000,0x000000d12b200000)]
  0x0000029495b5a1c0 JavaThread "Unconstrained build operations Thread 79" [_thread_blocked, id=22536, stack(0x000000d12b200000,0x000000d12b300000)]
  0x0000029495b597a0 JavaThread "Unconstrained build operations Thread 80" [_thread_blocked, id=7380, stack(0x000000d12b300000,0x000000d12b400000)]
  0x0000029495b5de80 JavaThread "jar transforms Thread 5" [_thread_blocked, id=17620, stack(0x000000d12b400000,0x000000d12b500000)]
  0x0000029495b5d460 JavaThread "jar transforms Thread 6" [_thread_blocked, id=24468, stack(0x000000d12b500000,0x000000d12b600000)]
  0x0000029495b5a6d0 JavaThread "jar transforms Thread 7" [_thread_blocked, id=11536, stack(0x000000d12b600000,0x000000d12b700000)]
  0x0000029495b5b0f0 JavaThread "jar transforms Thread 8" [_thread_blocked, id=17332, stack(0x000000d12b700000,0x000000d12b800000)]
  0x0000029495b5e390 JavaThread "Cache worker for Build Output Cleanup Cache (D:\Flutter\projects\GitHub\IODesk\android\.gradle\buildOutputCleanup)" [_thread_blocked, id=20528, stack(0x000000d12b900000,0x000000d12ba00000)]
  0x00000294a07364d0 JavaThread "Cache worker for execution history cache (D:\Flutter\projects\GitHub\IODesk\android\.gradle\7.5\executionHistory)" [_thread_blocked, id=16520, stack(0x000000d12bf00000,0x000000d12c000000)]
  0x00000294a0730ec0 JavaThread "WorkerExecutor Queue Thread 3" [_thread_blocked, id=324, stack(0x000000d121e00000,0x000000d121f00000)]
  0x00000294a0737400 JavaThread "WorkerExecutor Queue Thread 4" [_thread_blocked, id=14388, stack(0x000000d122000000,0x000000d122100000)]
  0x00000294a0733740 JavaThread "WorkerExecutor Queue Thread 8" [_thread_blocked, id=17548, stack(0x000000d12c800000,0x000000d12c900000)]
  0x000002949b878770 JavaThread "Cache worker for Java compile cache (C:\Users\skvorcov.v\.gradle\caches\7.5\javaCompile)" [_thread_blocked, id=12092, stack(0x000000d12cc00000,0x000000d12cd00000)]
  0x000002949bbb2920 JavaThread "Build operations" [_thread_blocked, id=20660, stack(0x000000d12c600000,0x000000d12c700000)]
  0x000002949bbb65e0 JavaThread "Build operations Thread 2" [_thread_blocked, id=9396, stack(0x000000d12cd00000,0x000000d12ce00000)]
  0x000002949bbb3d60 JavaThread "Build operations Thread 3" [_thread_blocked, id=24556, stack(0x000000d12ce00000,0x000000d12cf00000)]
  0x000002949bbb8440 JavaThread "Build operations Thread 4" [_thread_blocked, id=22136, stack(0x000000d12cf00000,0x000000d12d000000)]
  0x000002949bbb7000 JavaThread "Build operations Thread 5" [_thread_blocked, id=11100, stack(0x000000d12d000000,0x000000d12d100000)]
  0x000002949bbb1f00 JavaThread "Build operations Thread 6" [_thread_blocked, id=10252, stack(0x000000d12d100000,0x000000d12d200000)]
  0x000002949bbb8950 JavaThread "Build operations Thread 7" [_thread_blocked, id=16464, stack(0x000000d12d200000,0x000000d12d300000)]
  0x000002949bbb3850 JavaThread "Build operations Thread 8" [_thread_blocked, id=2892, stack(0x000000d12d300000,0x000000d12d400000)]
  0x000002949bbb51a0 JavaThread "RMI Scheduler(0)" daemon [_thread_blocked, id=21540, stack(0x000000d12d400000,0x000000d12d500000)]
  0x0000029495b5bb10 JavaThread "RMI GC Daemon" daemon [_thread_blocked, id=23132, stack(0x000000d12d600000,0x000000d12d700000)]
  0x000002949c576020 JavaThread "RMI TCP Accept-0" daemon [_thread_in_native, id=19724, stack(0x000000d12d700000,0x000000d12d800000)]
  0x000002949c211080 JavaThread "RMI Reaper" [_thread_blocked, id=11964, stack(0x000000d12d800000,0x000000d12d900000)]
  0x00000294a7cc20f0 JavaThread "RMI TCP Connection(idle)" daemon [_thread_blocked, id=4048, stack(0x000000d12d900000,0x000000d12da00000)]
  0x00000294a7cbe430 JavaThread "RMI TCP Connection(idle)" daemon [_thread_blocked, id=2824, stack(0x000000d12da00000,0x000000d12db00000)]
  0x00000294a7cbb190 JavaThread "pool-3-thread-1" [_thread_blocked, id=14788, stack(0x000000d12d500000,0x000000d12d600000)]
  0x00000294a7cc11c0 JavaThread "stderr" [_thread_in_native, id=18972, stack(0x000000d12db00000,0x000000d12dc00000)]
  0x00000294a7cc16d0 JavaThread "stdout" [_thread_in_native, id=4508, stack(0x000000d12dc00000,0x000000d12dd00000)]
  0x00000294a7cc1be0 JavaThread "stderr" [_thread_in_native, id=19244, stack(0x000000d12dd00000,0x000000d12de00000)]
  0x00000294a7cbd500 JavaThread "stdout" [_thread_in_native, id=19432, stack(0x000000d12de00000,0x000000d12df00000)]
  0x00000294a7cbbbb0 JavaThread "stderr" [_thread_in_native, id=22312, stack(0x000000d12df00000,0x000000d12e000000)]
  0x00000294a7cbc0c0 JavaThread "stdout" [_thread_in_native, id=8212, stack(0x000000d12e000000,0x000000d12e100000)]
  0x00000294a7cbda10 JavaThread "stderr" [_thread_in_native, id=21712, stack(0x000000d12e100000,0x000000d12e200000)]
  0x00000294a7cbdf20 JavaThread "stdout" [_thread_in_native, id=23016, stack(0x000000d12e200000,0x000000d12e300000)]
  0x000002949bbb5bc0 JavaThread "stderr" [_thread_in_native, id=20136, stack(0x000000d12e300000,0x000000d12e400000)]
  0x000002949bbb2410 JavaThread "stdout" [_thread_in_native, id=14792, stack(0x000000d12e400000,0x000000d12e500000)]
  0x000002949bbb6af0 JavaThread "stderr" [_thread_in_native, id=17804, stack(0x000000d12e500000,0x000000d12e600000)]
  0x00000294a0734670 JavaThread "stdout" [_thread_in_native, id=9760, stack(0x000000d12e600000,0x000000d12e700000)]
  0x00000294a0738840 JavaThread "stderr" [_thread_in_native, id=11756, stack(0x000000d12e700000,0x000000d12e800000)]
  0x00000294a878b9b0 JavaThread "stdout" [_thread_in_native, id=19508, stack(0x000000d12e800000,0x000000d12e900000)]
  0x00000294a878ec50 JavaThread "WorkerExecutor Queue Thread 12" [_thread_blocked, id=19740, stack(0x000000d12e900000,0x000000d12ea00000)]
  0x00000294a878dd20 JavaThread "RMI TCP Connection(idle)" daemon [_thread_blocked, id=23628, stack(0x000000d12cb00000,0x000000d12cc00000)]
  0x00000294a87914d0 JavaThread "WorkerExecutor Queue Thread 13" [_thread_blocked, id=8924, stack(0x000000d12eb00000,0x000000d12ec00000)]
  0x00000294a878c3d0 JavaThread "ForkJoinPool-1-worker-1" daemon [_thread_blocked, id=19624, stack(0x000000d12ec00000,0x000000d12ed00000)]
  0x00000294a878e230 JavaThread "ForkJoinPool-1-worker-2" daemon [_thread_blocked, id=19212, stack(0x000000d12ed00000,0x000000d12ee00000)]
  0x00000294a8790ab0 JavaThread "ForkJoinPool-1-worker-3" daemon [_thread_blocked, id=14208, stack(0x000000d12ee00000,0x000000d12ef00000)]
  0x00000294a8790fc0 JavaThread "ForkJoinPool-1-worker-4" daemon [_thread_blocked, id=21128, stack(0x000000d12ef00000,0x000000d12f000000)]
  0x00000294a878f670 JavaThread "WorkerExecutor Queue Thread 15" [_thread_blocked, id=14952, stack(0x000000d12ca00000,0x000000d12cb00000)]
  0x00000294a87919e0 JavaThread "WorkerExecutor Queue Thread 16" [_thread_blocked, id=9788, stack(0x000000d12c100000,0x000000d12c200000)]
  0x00000294a8791ef0 JavaThread "WorkerExecutor Queue Thread 17" [_thread_blocked, id=12784, stack(0x000000d12c000000,0x000000d12c100000)]
  0x00000294a0ae0fb0 JavaThread "C2 CompilerThread1" daemon [_thread_blocked, id=15328, stack(0x000000d12b800000,0x000000d12b900000)]
  0x00000294a0ae64b0 JavaThread "C2 CompilerThread2" daemon [_thread_blocked, id=8376, stack(0x000000d12c200000,0x000000d12c300000)]

Other Threads:
=>0x00000294ff31ebe0 VMThread "VM Thread" [stack: 0x000000d122700000,0x000000d122800000] [id=10512]
  0x0000029495a34610 WatcherThread [stack: 0x000000d123300000,0x000000d123400000] [id=23472]
  0x00000294f31e1560 GCTaskThread "GC Thread#0" [stack: 0x000000d122200000,0x000000d122300000] [id=3584]
  0x000002949af8cc70 GCTaskThread "GC Thread#1" [stack: 0x000000d123500000,0x000000d123600000] [id=13604]
  0x000002949a6b6f60 GCTaskThread "GC Thread#2" [stack: 0x000000d123600000,0x000000d123700000] [id=9708]
  0x000002949a6b7220 GCTaskThread "GC Thread#3" [stack: 0x000000d123700000,0x000000d123800000] [id=22972]
  0x000002949a6b74e0 GCTaskThread "GC Thread#4" [stack: 0x000000d123800000,0x000000d123900000] [id=20756]
  0x000002949a6b79b0 GCTaskThread "GC Thread#5" [stack: 0x000000d123900000,0x000000d123a00000] [id=20760]
  0x000002949bbb0cc0 GCTaskThread "GC Thread#6" [stack: 0x000000d124600000,0x000000d124700000] [id=19540]
  0x000002949bc43800 GCTaskThread "GC Thread#7" [stack: 0x000000d124700000,0x000000d124800000] [id=18260]
  0x00000294f31eb350 ConcurrentGCThread "G1 Main Marker" [stack: 0x000000d122300000,0x000000d122400000] [id=8740]
  0x00000294f31ebc10 ConcurrentGCThread "G1 Conc#0" [stack: 0x000000d122400000,0x000000d122500000] [id=24312]
  0x000002949bb7ea70 ConcurrentGCThread "G1 Conc#1" [stack: 0x000000d124800000,0x000000d124900000] [id=17372]
  0x00000294ff1b3fe0 ConcurrentGCThread "G1 Refine#0" [stack: 0x000000d122500000,0x000000d122600000] [id=15776]
  0x00000294a0476460 ConcurrentGCThread "G1 Refine#1" [stack: 0x000000d12ba00000,0x000000d12bb00000] [id=5776]
  0x00000294a04778f0 ConcurrentGCThread "G1 Refine#2" [stack: 0x000000d12bb00000,0x000000d12bc00000] [id=7740]
  0x00000294a0477310 ConcurrentGCThread "G1 Refine#3" [stack: 0x000000d12bc00000,0x000000d12bd00000] [id=23484]
  0x00000294a0477600 ConcurrentGCThread "G1 Refine#4" [stack: 0x000000d12bd00000,0x000000d12be00000] [id=6528]
  0x00000294a04755b0 ConcurrentGCThread "G1 Refine#5" [stack: 0x000000d12be00000,0x000000d12bf00000] [id=22684]
  0x000002949ead61d0 ConcurrentGCThread "G1 Refine#6" [stack: 0x000000d12ea00000,0x000000d12eb00000] [id=7000]
  0x00000294ff1b48b0 ConcurrentGCThread "G1 Service" [stack: 0x000000d122600000,0x000000d122700000] [id=22016]

Threads with active compile tasks:
C2 CompilerThread0   136671 42484       4       com.android.tools.r8.internal.Ie::a (610 bytes)
C2 CompilerThread1   136671 42503 %     4       com.android.tools.r8.internal.Rh::a @ 33 (298 bytes)
C2 CompilerThread2   136672 42456       4       com.android.tools.r8.internal.CW::b (908 bytes)

VM state: at safepoint (normal execution)

VM Mutex/Monitor currently owned by a thread:  ([mutex/lock_event])
[0x00000294f316c820] Threads_lock - owner thread: 0x00000294ff31ebe0
[0x00000294f316cd30] Heap_lock - owner thread: 0x00000294f31eb350

Heap address: 0x00000006e0000000, size: 4608 MB, Compressed Oops mode: Zero based, Oop shift amount: 3

CDS archive(s) not mapped
Compressed class space mapped at: 0x0000000800000000-0x0000000840000000, reserved size: 1073741824
Narrow klass base: 0x0000000800000000, Narrow klass shift: 0, Narrow klass range: 0x40000000

GC Precious Log:
 CPUs: 8 total, 8 available
 Memory: 16108M
 Large Page Support: Disabled
 NUMA Support: Disabled
 Compressed Oops: Enabled (Zero based)
 Heap Region Size: 4M
 Heap Min Capacity: 8M
 Heap Initial Capacity: 252M
 Heap Max Capacity: 4608M
 Pre-touch: Disabled
 Parallel Workers: 8
 Concurrent Workers: 2
 Concurrent Refinement Workers: 8
 Periodic GC: Disabled

Heap:
 garbage-first heap   total 1388544K, used 957725K [0x00000006e0000000, 0x0000000800000000)
  region size 4096K, 62 young (253952K), 5 survivors (20480K)
 Metaspace       used 171110K, committed 172864K, reserved 1245184K
  class space    used 22301K, committed 23040K, reserved 1048576K

Heap Regions: E=young(eden), S=young(survivor), O=old, HS=humongous(starts), HC=humongous(continues), CS=collection set, F=free, OA=open archive, CA=closed archive, TAMS=top-at-mark-start (previous, next)
|   0|0x00000006e0000000, 0x00000006e0400000, 0x00000006e0400000|100%| O|  |TAMS 0x00000006e0400000, 0x00000006e0000000| Untracked 
|   1|0x00000006e0400000, 0x00000006e0800000, 0x00000006e0800000|100%|HS|  |TAMS 0x00000006e0800000, 0x00000006e0400000| Complete 
|   2|0x00000006e0800000, 0x00000006e0c00000, 0x00000006e0c00000|100%| O|  |TAMS 0x00000006e0c00000, 0x00000006e0800000| Untracked 
|   3|0x00000006e0c00000, 0x00000006e1000000, 0x00000006e1000000|100%| O|  |TAMS 0x00000006e1000000, 0x00000006e0c00000| Untracked 
|   4|0x00000006e1000000, 0x00000006e1400000, 0x00000006e1400000|100%| O|  |TAMS 0x00000006e1400000, 0x00000006e1000000| Untracked 
|   5|0x00000006e1400000, 0x00000006e1800000, 0x00000006e1800000|100%| O|  |TAMS 0x00000006e1800000, 0x00000006e1400000| Untracked 
|   6|0x00000006e1800000, 0x00000006e1c00000, 0x00000006e1c00000|100%| O|  |TAMS 0x00000006e1c00000, 0x00000006e1800000| Untracked 
|   7|0x00000006e1c00000, 0x00000006e2000000, 0x00000006e2000000|100%| O|  |TAMS 0x00000006e2000000, 0x00000006e1c00000| Updating 
|   8|0x00000006e2000000, 0x00000006e2400000, 0x00000006e2400000|100%| O|  |TAMS 0x00000006e2400000, 0x00000006e2000000| Untracked 
|   9|0x00000006e2400000, 0x00000006e2800000, 0x00000006e2800000|100%|HS|  |TAMS 0x00000006e2800000, 0x00000006e2400000| Complete 
|  10|0x00000006e2800000, 0x00000006e2c00000, 0x00000006e2c00000|100%| O|  |TAMS 0x00000006e2c00000, 0x00000006e2800000| Untracked 
|  11|0x00000006e2c00000, 0x00000006e3000000, 0x00000006e3000000|100%| O|  |TAMS 0x00000006e3000000, 0x00000006e2c00000| Updating 
|  12|0x00000006e3000000, 0x00000006e3400000, 0x00000006e3400000|100%| O|  |TAMS 0x00000006e3400000, 0x00000006e3000000| Updating 
|  13|0x00000006e3400000, 0x00000006e3800000, 0x00000006e3800000|100%| O|  |TAMS 0x00000006e3800000, 0x00000006e3400000| Untracked 
|  14|0x00000006e3800000, 0x00000006e3c00000, 0x00000006e3c00000|100%| O|  |TAMS 0x00000006e3c00000, 0x00000006e3800000| Untracked 
|  15|0x00000006e3c00000, 0x00000006e4000000, 0x00000006e4000000|100%| O|  |TAMS 0x00000006e4000000, 0x00000006e3c00000| Updating 
|  16|0x00000006e4000000, 0x00000006e4400000, 0x00000006e4400000|100%| O|  |TAMS 0x00000006e4400000, 0x00000006e4000000| Updating 
|  17|0x00000006e4400000, 0x00000006e4800000, 0x00000006e4800000|100%| O|  |TAMS 0x00000006e4800000, 0x00000006e4400000| Untracked 
|  18|0x00000006e4800000, 0x00000006e4c00000, 0x00000006e4c00000|100%| O|  |TAMS 0x00000006e4c00000, 0x00000006e4800000| Untracked 
|  19|0x00000006e4c00000, 0x00000006e5000000, 0x00000006e5000000|100%|HS|  |TAMS 0x00000006e5000000, 0x00000006e4c00000| Complete 
|  20|0x00000006e5000000, 0x00000006e5400000, 0x00000006e5400000|100%| O|  |TAMS 0x00000006e5400000, 0x00000006e5000000| Untracked 
|  21|0x00000006e5400000, 0x00000006e5800000, 0x00000006e5800000|100%| O|  |TAMS 0x00000006e5800000, 0x00000006e5400000| Untracked 
|  22|0x00000006e5800000, 0x00000006e5c00000, 0x00000006e5c00000|100%| O|  |TAMS 0x00000006e5c00000, 0x00000006e5800000| Untracked 
|  23|0x00000006e5c00000, 0x00000006e6000000, 0x00000006e6000000|100%| O|  |TAMS 0x00000006e6000000, 0x00000006e5c00000| Updating 
|  24|0x00000006e6000000, 0x00000006e6400000, 0x00000006e6400000|100%| O|  |TAMS 0x00000006e6400000, 0x00000006e6000000| Untracked 
|  25|0x00000006e6400000, 0x00000006e6800000, 0x00000006e6800000|100%| O|  |TAMS 0x00000006e6800000, 0x00000006e6400000| Untracked 
|  26|0x00000006e6800000, 0x00000006e6c00000, 0x00000006e6c00000|100%| O|  |TAMS 0x00000006e6c00000, 0x00000006e6800000| Updating 
|  27|0x00000006e6c00000, 0x00000006e7000000, 0x00000006e7000000|100%| O|  |TAMS 0x00000006e7000000, 0x00000006e6c00000| Updating 
|  28|0x00000006e7000000, 0x00000006e7400000, 0x00000006e7400000|100%| O|  |TAMS 0x00000006e7400000, 0x00000006e7000000| Updating 
|  29|0x00000006e7400000, 0x00000006e7800000, 0x00000006e7800000|100%| O|  |TAMS 0x00000006e7800000, 0x00000006e7400000| Untracked 
|  30|0x00000006e7800000, 0x00000006e7c00000, 0x00000006e7c00000|100%|HS|  |TAMS 0x00000006e7c00000, 0x00000006e7800000| Complete 
|  31|0x00000006e7c00000, 0x00000006e8000000, 0x00000006e8000000|100%| O|  |TAMS 0x00000006e8000000, 0x00000006e7c00000| Untracked 
|  32|0x00000006e8000000, 0x00000006e8400000, 0x00000006e8400000|100%| O|  |TAMS 0x00000006e8400000, 0x00000006e8000000| Updating 
|  33|0x00000006e8400000, 0x00000006e8800000, 0x00000006e8800000|100%| O|  |TAMS 0x00000006e8800000, 0x00000006e8400000| Untracked 
|  34|0x00000006e8800000, 0x00000006e8c00000, 0x00000006e8c00000|100%| O|  |TAMS 0x00000006e8c00000, 0x00000006e8800000| Updating 
|  35|0x00000006e8c00000, 0x00000006e9000000, 0x00000006e9000000|100%| O|  |TAMS 0x00000006e9000000, 0x00000006e8c00000| Untracked 
|  36|0x00000006e9000000, 0x00000006e9400000, 0x00000006e9400000|100%| O|  |TAMS 0x00000006e9400000, 0x00000006e9000000| Updating 
|  37|0x00000006e9400000, 0x00000006e9800000, 0x00000006e9800000|100%| O|  |TAMS 0x00000006e9800000, 0x00000006e9400000| Updating 
|  38|0x00000006e9800000, 0x00000006e9c00000, 0x00000006e9c00000|100%| O|  |TAMS 0x00000006e9c00000, 0x00000006e9800000| Untracked 
|  39|0x00000006e9c00000, 0x00000006ea000000, 0x00000006ea000000|100%| O|  |TAMS 0x00000006ea000000, 0x00000006e9c00000| Untracked 
|  40|0x00000006ea000000, 0x00000006ea400000, 0x00000006ea400000|100%| O|  |TAMS 0x00000006ea400000, 0x00000006ea000000| Updating 
|  41|0x00000006ea400000, 0x00000006ea800000, 0x00000006ea800000|100%| O|  |TAMS 0x00000006ea800000, 0x00000006ea400000| Untracked 
|  42|0x00000006ea800000, 0x00000006eac00000, 0x00000006eac00000|100%| O|  |TAMS 0x00000006eac00000, 0x00000006ea800000| Untracked 
|  43|0x00000006eac00000, 0x00000006eb000000, 0x00000006eb000000|100%| O|  |TAMS 0x00000006eb000000, 0x00000006eac00000| Updating 
|  44|0x00000006eb000000, 0x00000006eb400000, 0x00000006eb400000|100%| O|  |TAMS 0x00000006eb400000, 0x00000006eb000000| Untracked 
|  45|0x00000006eb400000, 0x00000006eb800000, 0x00000006eb800000|100%| O|  |TAMS 0x00000006eb800000, 0x00000006eb400000| Updating 
|  46|0x00000006eb800000, 0x00000006ebc00000, 0x00000006ebc00000|100%| O|  |TAMS 0x00000006ebc00000, 0x00000006eb800000| Updating 
|  47|0x00000006ebc00000, 0x00000006ec000000, 0x00000006ec000000|100%|HS|  |TAMS 0x00000006ec000000, 0x00000006ebc00000| Complete 
|  48|0x00000006ec000000, 0x00000006ec400000, 0x00000006ec400000|100%| O|  |TAMS 0x00000006ec400000, 0x00000006ec000000| Updating 
|  49|0x00000006ec400000, 0x00000006ec800000, 0x00000006ec800000|100%| O|  |TAMS 0x00000006ec800000, 0x00000006ec400000| Updating 
|  50|0x00000006ec800000, 0x00000006ecc00000, 0x00000006ecc00000|100%| O|  |TAMS 0x00000006ecc00000, 0x00000006ec800000| Updating 
|  51|0x00000006ecc00000, 0x00000006ed000000, 0x00000006ed000000|100%| O|  |TAMS 0x00000006ed000000, 0x00000006ecc00000| Updating 
|  52|0x00000006ed000000, 0x00000006ed400000, 0x00000006ed400000|100%| O|  |TAMS 0x00000006ed400000, 0x00000006ed000000| Untracked 
|  53|0x00000006ed400000, 0x00000006ed800000, 0x00000006ed800000|100%| O|  |TAMS 0x00000006ed800000, 0x00000006ed400000| Updating 
|  54|0x00000006ed800000, 0x00000006edc00000, 0x00000006edc00000|100%| O|  |TAMS 0x00000006edc00000, 0x00000006ed800000| Updating 
|  55|0x00000006edc00000, 0x00000006ee000000, 0x00000006ee000000|100%| O|  |TAMS 0x00000006ee000000, 0x00000006edc00000| Updating 
|  56|0x00000006ee000000, 0x00000006ee400000, 0x00000006ee400000|100%|HS|  |TAMS 0x00000006ee400000, 0x00000006ee000000| Complete 
|  57|0x00000006ee400000, 0x00000006ee400000, 0x00000006ee800000|  0%| F|  |TAMS 0x00000006ee400000, 0x00000006ee400000| Untracked 
|  58|0x00000006ee800000, 0x00000006eec00000, 0x00000006eec00000|100%| O|  |TAMS 0x00000006eec00000, 0x00000006ee800000| Untracked 
|  59|0x00000006eec00000, 0x00000006ef000000, 0x00000006ef000000|100%| O|  |TAMS 0x00000006ef000000, 0x00000006eec00000| Untracked 
|  60|0x00000006ef000000, 0x00000006ef400000, 0x00000006ef400000|100%| O|  |TAMS 0x00000006ef400000, 0x00000006ef000000| Untracked 
|  61|0x00000006ef400000, 0x00000006ef800000, 0x00000006ef800000|100%| O|  |TAMS 0x00000006ef800000, 0x00000006ef400000| Updating 
|  62|0x00000006ef800000, 0x00000006efc00000, 0x00000006efc00000|100%| O|  |TAMS 0x00000006efc00000, 0x00000006ef800000| Updating 
|  63|0x00000006efc00000, 0x00000006f0000000, 0x00000006f0000000|100%| O|  |TAMS 0x00000006f0000000, 0x00000006efc00000| Untracked 
|  64|0x00000006f0000000, 0x00000006f0400000, 0x00000006f0400000|100%| O|  |TAMS 0x00000006f0400000, 0x00000006f0000000| Untracked 
|  65|0x00000006f0400000, 0x00000006f0800000, 0x00000006f0800000|100%| O|  |TAMS 0x00000006f0800000, 0x00000006f0400000| Updating 
|  66|0x00000006f0800000, 0x00000006f0c00000, 0x00000006f0c00000|100%| O|  |TAMS 0x00000006f0c00000, 0x00000006f0800000| Updating 
|  67|0x00000006f0c00000, 0x00000006f1000000, 0x00000006f1000000|100%| O|  |TAMS 0x00000006f1000000, 0x00000006f0c00000| Untracked 
|  68|0x00000006f1000000, 0x00000006f1400000, 0x00000006f1400000|100%| O|  |TAMS 0x00000006f1400000, 0x00000006f1000000| Untracked 
|  69|0x00000006f1400000, 0x00000006f1800000, 0x00000006f1800000|100%| O|  |TAMS 0x00000006f1800000, 0x00000006f1400000| Untracked 
|  70|0x00000006f1800000, 0x00000006f1c00000, 0x00000006f1c00000|100%| O|  |TAMS 0x00000006f1c00000, 0x00000006f1800000| Untracked 
|  71|0x00000006f1c00000, 0x00000006f2000000, 0x00000006f2000000|100%| O|  |TAMS 0x00000006f2000000, 0x00000006f1c00000| Untracked 
|  72|0x00000006f2000000, 0x00000006f2400000, 0x00000006f2400000|100%| O|  |TAMS 0x00000006f2400000, 0x00000006f2000000| Untracked 
|  73|0x00000006f2400000, 0x00000006f2800000, 0x00000006f2800000|100%| O|  |TAMS 0x00000006f2800000, 0x00000006f2400000| Updating 
|  74|0x00000006f2800000, 0x00000006f2c00000, 0x00000006f2c00000|100%| O|  |TAMS 0x00000006f2c00000, 0x00000006f2800000| Updating 
|  75|0x00000006f2c00000, 0x00000006f3000000, 0x00000006f3000000|100%| O|  |TAMS 0x00000006f3000000, 0x00000006f2c00000| Untracked 
|  76|0x00000006f3000000, 0x00000006f3400000, 0x00000006f3400000|100%| O|  |TAMS 0x00000006f3400000, 0x00000006f3000000| Updating 
|  77|0x00000006f3400000, 0x00000006f3800000, 0x00000006f3800000|100%| O|  |TAMS 0x00000006f3800000, 0x00000006f3400000| Untracked 
|  78|0x00000006f3800000, 0x00000006f3c00000, 0x00000006f3c00000|100%| O|  |TAMS 0x00000006f3c00000, 0x00000006f3800000| Updating 
|  79|0x00000006f3c00000, 0x00000006f4000000, 0x00000006f4000000|100%| O|  |TAMS 0x00000006f4000000, 0x00000006f3c00000| Untracked 
|  80|0x00000006f4000000, 0x00000006f4400000, 0x00000006f4400000|100%| O|  |TAMS 0x00000006f4400000, 0x00000006f4000000| Updating 
|  81|0x00000006f4400000, 0x00000006f4800000, 0x00000006f4800000|100%| O|  |TAMS 0x00000006f4800000, 0x00000006f4400000| Untracked 
|  82|0x00000006f4800000, 0x00000006f4c00000, 0x00000006f4c00000|100%| O|  |TAMS 0x00000006f4c00000, 0x00000006f4800000| Untracked 
|  83|0x00000006f4c00000, 0x00000006f5000000, 0x00000006f5000000|100%| O|  |TAMS 0x00000006f5000000, 0x00000006f4c00000| Updating 
|  84|0x00000006f5000000, 0x00000006f5400000, 0x00000006f5400000|100%| O|  |TAMS 0x00000006f5400000, 0x00000006f5000000| Updating 
|  85|0x00000006f5400000, 0x00000006f5800000, 0x00000006f5800000|100%| O|  |TAMS 0x00000006f5800000, 0x00000006f5400000| Updating 
|  86|0x00000006f5800000, 0x00000006f5c00000, 0x00000006f5c00000|100%| O|  |TAMS 0x00000006f5c00000, 0x00000006f5800000| Updating 
|  87|0x00000006f5c00000, 0x00000006f6000000, 0x00000006f6000000|100%| O|  |TAMS 0x00000006f6000000, 0x00000006f5c00000| Updating 
|  88|0x00000006f6000000, 0x00000006f6400000, 0x00000006f6400000|100%| O|  |TAMS 0x00000006f6400000, 0x00000006f6000000| Updating 
|  89|0x00000006f6400000, 0x00000006f6800000, 0x00000006f6800000|100%| O|  |TAMS 0x00000006f6800000, 0x00000006f6400000| Updating 
|  90|0x00000006f6800000, 0x00000006f6c00000, 0x00000006f6c00000|100%| O|  |TAMS 0x00000006f6c00000, 0x00000006f6800000| Updating 
|  91|0x00000006f6c00000, 0x00000006f7000000, 0x00000006f7000000|100%| O|  |TAMS 0x00000006f7000000, 0x00000006f6c00000| Updating 
|  92|0x00000006f7000000, 0x00000006f7400000, 0x00000006f7400000|100%| O|  |TAMS 0x00000006f7400000, 0x00000006f7000000| Updating 
|  93|0x00000006f7400000, 0x00000006f7800000, 0x00000006f7800000|100%| O|  |TAMS 0x00000006f7800000, 0x00000006f7400000| Updating 
|  94|0x00000006f7800000, 0x00000006f7c00000, 0x00000006f7c00000|100%| O|  |TAMS 0x00000006f7c00000, 0x00000006f7800000| Updating 
|  95|0x00000006f7c00000, 0x00000006f8000000, 0x00000006f8000000|100%| O|  |TAMS 0x00000006f8000000, 0x00000006f7c00000| Updating 
|  96|0x00000006f8000000, 0x00000006f8400000, 0x00000006f8400000|100%| O|  |TAMS 0x00000006f8400000, 0x00000006f8000000| Updating 
|  97|0x00000006f8400000, 0x00000006f8800000, 0x00000006f8800000|100%| O|  |TAMS 0x00000006f8800000, 0x00000006f8400000| Updating 
|  98|0x00000006f8800000, 0x00000006f8800000, 0x00000006f8c00000|  0%| F|  |TAMS 0x00000006f8800000, 0x00000006f8800000| Untracked 
|  99|0x00000006f8c00000, 0x00000006f9000000, 0x00000006f9000000|100%| O|  |TAMS 0x00000006f9000000, 0x00000006f8c00000| Updating 
| 100|0x00000006f9000000, 0x00000006f9400000, 0x00000006f9400000|100%| O|  |TAMS 0x00000006f9400000, 0x00000006f9000000| Updating 
| 101|0x00000006f9400000, 0x00000006f9800000, 0x00000006f9800000|100%| O|  |TAMS 0x00000006f9800000, 0x00000006f9400000| Updating 
| 102|0x00000006f9800000, 0x00000006f9c00000, 0x00000006f9c00000|100%| O|  |TAMS 0x00000006f9c00000, 0x00000006f9800000| Updating 
| 103|0x00000006f9c00000, 0x00000006fa000000, 0x00000006fa000000|100%| O|  |TAMS 0x00000006fa000000, 0x00000006f9c00000| Updating 
| 104|0x00000006fa000000, 0x00000006fa400000, 0x00000006fa400000|100%| O|  |TAMS 0x00000006fa400000, 0x00000006fa000000| Updating 
| 105|0x00000006fa400000, 0x00000006fa800000, 0x00000006fa800000|100%| O|  |TAMS 0x00000006fa800000, 0x00000006fa400000| Updating 
| 106|0x00000006fa800000, 0x00000006fac00000, 0x00000006fac00000|100%| O|  |TAMS 0x00000006fac00000, 0x00000006fa800000| Updating 
| 107|0x00000006fac00000, 0x00000006fb000000, 0x00000006fb000000|100%| O|  |TAMS 0x00000006fb000000, 0x00000006fac00000| Updating 
| 108|0x00000006fb000000, 0x00000006fb400000, 0x00000006fb400000|100%| O|  |TAMS 0x00000006fb400000, 0x00000006fb000000| Updating 
| 109|0x00000006fb400000, 0x00000006fb800000, 0x00000006fb800000|100%| O|  |TAMS 0x00000006fb800000, 0x00000006fb400000| Updating 
| 110|0x00000006fb800000, 0x00000006fbc00000, 0x00000006fbc00000|100%| O|  |TAMS 0x00000006fbc00000, 0x00000006fb800000| Untracked 
| 111|0x00000006fbc00000, 0x00000006fc000000, 0x00000006fc000000|100%| O|  |TAMS 0x00000006fc000000, 0x00000006fbc00000| Updating 
| 112|0x00000006fc000000, 0x00000006fc400000, 0x00000006fc400000|100%| O|  |TAMS 0x00000006fc400000, 0x00000006fc000000| Updating 
| 113|0x00000006fc400000, 0x00000006fc800000, 0x00000006fc800000|100%| O|  |TAMS 0x00000006fc800000, 0x00000006fc400000| Updating 
| 114|0x00000006fc800000, 0x00000006fcc00000, 0x00000006fcc00000|100%| O|  |TAMS 0x00000006fcc00000, 0x00000006fc800000| Updating 
| 115|0x00000006fcc00000, 0x00000006fd000000, 0x00000006fd000000|100%| O|  |TAMS 0x00000006fd000000, 0x00000006fcc00000| Updating 
| 116|0x00000006fd000000, 0x00000006fd400000, 0x00000006fd400000|100%| O|  |TAMS 0x00000006fd400000, 0x00000006fd000000| Untracked 
| 117|0x00000006fd400000, 0x00000006fd800000, 0x00000006fd800000|100%| O|  |TAMS 0x00000006fd800000, 0x00000006fd400000| Untracked 
| 118|0x00000006fd800000, 0x00000006fdc00000, 0x00000006fdc00000|100%| O|  |TAMS 0x00000006fdc00000, 0x00000006fd800000| Updating 
| 119|0x00000006fdc00000, 0x00000006fe000000, 0x00000006fe000000|100%| O|  |TAMS 0x00000006fe000000, 0x00000006fdc00000| Updating 
| 120|0x00000006fe000000, 0x00000006fe400000, 0x00000006fe400000|100%| O|  |TAMS 0x00000006fe400000, 0x00000006fe000000| Updating 
| 121|0x00000006fe400000, 0x00000006fe800000, 0x00000006fe800000|100%| O|  |TAMS 0x00000006fe800000, 0x00000006fe400000| Updating 
| 122|0x00000006fe800000, 0x00000006fec00000, 0x00000006fec00000|100%| O|  |TAMS 0x00000006fec00000, 0x00000006fe800000| Updating 
| 123|0x00000006fec00000, 0x00000006ff000000, 0x00000006ff000000|100%| O|  |TAMS 0x00000006ff000000, 0x00000006fec00000| Updating 
| 124|0x00000006ff000000, 0x00000006ff400000, 0x00000006ff400000|100%| O|  |TAMS 0x00000006ff400000, 0x00000006ff000000| Updating 
| 125|0x00000006ff400000, 0x00000006ff800000, 0x00000006ff800000|100%| O|  |TAMS 0x00000006ff800000, 0x00000006ff400000| Updating 
| 126|0x00000006ff800000, 0x00000006ff800000, 0x00000006ffc00000|  0%| F|  |TAMS 0x00000006ff800000, 0x00000006ff800000| Untracked 
| 127|0x00000006ffc00000, 0x0000000700000000, 0x0000000700000000|100%| O|  |TAMS 0x0000000700000000, 0x00000006ffc00000| Updating 
| 128|0x0000000700000000, 0x0000000700400000, 0x0000000700400000|100%| O|  |TAMS 0x0000000700400000, 0x0000000700000000| Untracked 
| 129|0x0000000700400000, 0x0000000700800000, 0x0000000700800000|100%| O|  |TAMS 0x0000000700800000, 0x0000000700400000| Updating 
| 130|0x0000000700800000, 0x0000000700c00000, 0x0000000700c00000|100%| O|  |TAMS 0x0000000700c00000, 0x0000000700800000| Updating 
| 131|0x0000000700c00000, 0x0000000701000000, 0x0000000701000000|100%| O|  |TAMS 0x0000000701000000, 0x0000000700c00000| Updating 
| 132|0x0000000701000000, 0x0000000701400000, 0x0000000701400000|100%| O|  |TAMS 0x0000000701400000, 0x0000000701000000| Updating 
| 133|0x0000000701400000, 0x0000000701800000, 0x0000000701800000|100%| O|  |TAMS 0x0000000701800000, 0x0000000701400000| Updating 
| 134|0x0000000701800000, 0x0000000701c00000, 0x0000000701c00000|100%| O|  |TAMS 0x0000000701c00000, 0x0000000701800000| Updating 
| 135|0x0000000701c00000, 0x0000000702000000, 0x0000000702000000|100%| O|  |TAMS 0x0000000702000000, 0x0000000701c00000| Updating 
| 136|0x0000000702000000, 0x0000000702400000, 0x0000000702400000|100%| O|  |TAMS 0x0000000702400000, 0x0000000702000000| Updating 
| 137|0x0000000702400000, 0x0000000702800000, 0x0000000702800000|100%| O|  |TAMS 0x0000000702800000, 0x0000000702400000| Updating 
| 138|0x0000000702800000, 0x0000000702c00000, 0x0000000702c00000|100%| O|  |TAMS 0x0000000702c00000, 0x0000000702800000| Updating 
| 139|0x0000000702c00000, 0x0000000703000000, 0x0000000703000000|100%| O|  |TAMS 0x0000000703000000, 0x0000000702c00000| Updating 
| 140|0x0000000703000000, 0x0000000703400000, 0x0000000703400000|100%| O|  |TAMS 0x0000000703400000, 0x0000000703000000| Updating 
| 141|0x0000000703400000, 0x0000000703800000, 0x0000000703800000|100%| O|  |TAMS 0x0000000703800000, 0x0000000703400000| Updating 
| 142|0x0000000703800000, 0x0000000703c00000, 0x0000000703c00000|100%| O|  |TAMS 0x0000000703c00000, 0x0000000703800000| Updating 
| 143|0x0000000703c00000, 0x0000000704000000, 0x0000000704000000|100%| O|  |TAMS 0x0000000704000000, 0x0000000703c00000| Updating 
| 144|0x0000000704000000, 0x0000000704400000, 0x0000000704400000|100%| O|  |TAMS 0x0000000704400000, 0x0000000704000000| Updating 
| 145|0x0000000704400000, 0x0000000704400000, 0x0000000704800000|  0%| F|  |TAMS 0x0000000704400000, 0x0000000704400000| Untracked 
| 146|0x0000000704800000, 0x0000000704c00000, 0x0000000704c00000|100%| O|  |TAMS 0x0000000704c00000, 0x0000000704800000| Updating 
| 147|0x0000000704c00000, 0x0000000705000000, 0x0000000705000000|100%| O|  |TAMS 0x0000000705000000, 0x0000000704c00000| Updating 
| 148|0x0000000705000000, 0x0000000705400000, 0x0000000705400000|100%| O|  |TAMS 0x0000000705400000, 0x0000000705000000| Updating 
| 149|0x0000000705400000, 0x0000000705800000, 0x0000000705800000|100%| O|  |TAMS 0x0000000705800000, 0x0000000705400000| Untracked 
| 150|0x0000000705800000, 0x0000000705c00000, 0x0000000705c00000|100%| O|  |TAMS 0x0000000705c00000, 0x0000000705800000| Updating 
| 151|0x0000000705c00000, 0x0000000705c00000, 0x0000000706000000|  0%| F|  |TAMS 0x0000000705c00000, 0x0000000705c00000| Untracked 
| 152|0x0000000706000000, 0x0000000706400000, 0x0000000706400000|100%| O|  |TAMS 0x0000000706400000, 0x0000000706000000| Updating 
| 153|0x0000000706400000, 0x0000000706800000, 0x0000000706800000|100%| O|  |TAMS 0x0000000706800000, 0x0000000706400000| Updating 
| 154|0x0000000706800000, 0x0000000706c00000, 0x0000000706c00000|100%| O|  |TAMS 0x0000000706c00000, 0x0000000706800000| Updating 
| 155|0x0000000706c00000, 0x0000000707000000, 0x0000000707000000|100%| O|  |TAMS 0x0000000707000000, 0x0000000706c00000| Updating 
| 156|0x0000000707000000, 0x0000000707400000, 0x0000000707400000|100%| O|  |TAMS 0x0000000707400000, 0x0000000707000000| Updating 
| 157|0x0000000707400000, 0x0000000707800000, 0x0000000707800000|100%| O|  |TAMS 0x0000000707800000, 0x0000000707400000| Untracked 
| 158|0x0000000707800000, 0x0000000707c00000, 0x0000000707c00000|100%| O|  |TAMS 0x0000000707c00000, 0x0000000707800000| Updating 
| 159|0x0000000707c00000, 0x0000000707c00000, 0x0000000708000000|  0%| F|  |TAMS 0x0000000707c00000, 0x0000000707c00000| Untracked 
| 160|0x0000000708000000, 0x0000000708400000, 0x0000000708400000|100%| O|  |TAMS 0x0000000708400000, 0x0000000708000000| Updating 
| 161|0x0000000708400000, 0x0000000708800000, 0x0000000708800000|100%| O|  |TAMS 0x0000000708800000, 0x0000000708400000| Updating 
| 162|0x0000000708800000, 0x0000000708800000, 0x0000000708c00000|  0%| F|  |TAMS 0x0000000708800000, 0x0000000708800000| Untracked 
| 163|0x0000000708c00000, 0x0000000709000000, 0x0000000709000000|100%| O|  |TAMS 0x0000000709000000, 0x0000000708c00000| Updating 
| 164|0x0000000709000000, 0x0000000709400000, 0x0000000709400000|100%| O|  |TAMS 0x0000000709400000, 0x0000000709000000| Updating 
| 165|0x0000000709400000, 0x0000000709800000, 0x0000000709800000|100%| O|  |TAMS 0x0000000709800000, 0x0000000709400000| Updating 
| 166|0x0000000709800000, 0x0000000709c00000, 0x0000000709c00000|100%| O|  |TAMS 0x0000000709c00000, 0x0000000709800000| Updating 
| 167|0x0000000709c00000, 0x000000070a000000, 0x000000070a000000|100%| O|  |TAMS 0x000000070a000000, 0x0000000709c00000| Updating 
| 168|0x000000070a000000, 0x000000070a400000, 0x000000070a400000|100%| O|  |TAMS 0x000000070a400000, 0x000000070a000000| Updating 
| 169|0x000000070a400000, 0x000000070a800000, 0x000000070a800000|100%| O|  |TAMS 0x000000070a800000, 0x000000070a400000| Updating 
| 170|0x000000070a800000, 0x000000070ac00000, 0x000000070ac00000|100%| O|  |TAMS 0x000000070ac00000, 0x000000070a800000| Updating 
| 171|0x000000070ac00000, 0x000000070b000000, 0x000000070b000000|100%| O|  |TAMS 0x000000070b000000, 0x000000070ac00000| Updating 
| 172|0x000000070b000000, 0x000000070b400000, 0x000000070b400000|100%| O|  |TAMS 0x000000070b400000, 0x000000070b000000| Updating 
| 173|0x000000070b400000, 0x000000070b800000, 0x000000070b800000|100%| O|  |TAMS 0x000000070b800000, 0x000000070b400000| Updating 
| 174|0x000000070b800000, 0x000000070bc00000, 0x000000070bc00000|100%| O|  |TAMS 0x000000070bc00000, 0x000000070b800000| Updating 
| 175|0x000000070bc00000, 0x000000070c000000, 0x000000070c000000|100%| O|  |TAMS 0x000000070c000000, 0x000000070bc00000| Updating 
| 176|0x000000070c000000, 0x000000070c400000, 0x000000070c400000|100%| O|  |TAMS 0x000000070c400000, 0x000000070c000000| Updating 
| 177|0x000000070c400000, 0x000000070c800000, 0x000000070c800000|100%| O|  |TAMS 0x000000070c800000, 0x000000070c400000| Updating 
| 178|0x000000070c800000, 0x000000070cc00000, 0x000000070cc00000|100%| O|  |TAMS 0x000000070cc00000, 0x000000070c800000| Updating 
| 179|0x000000070cc00000, 0x000000070d000000, 0x000000070d000000|100%| O|  |TAMS 0x000000070d000000, 0x000000070cc00000| Updating 
| 180|0x000000070d000000, 0x000000070d15c800, 0x000000070d400000| 34%| O|  |TAMS 0x000000070d15c800, 0x000000070d000000| Updating 
| 181|0x000000070d400000, 0x000000070d400000, 0x000000070d800000|  0%| F|  |TAMS 0x000000070d400000, 0x000000070d400000| Untracked 
| 182|0x000000070d800000, 0x000000070d800000, 0x000000070dc00000|  0%| F|  |TAMS 0x000000070d800000, 0x000000070d800000| Untracked 
| 183|0x000000070dc00000, 0x000000070dc00000, 0x000000070e000000|  0%| F|  |TAMS 0x000000070dc00000, 0x000000070dc00000| Untracked 
| 184|0x000000070e000000, 0x000000070e000000, 0x000000070e400000|  0%| F|  |TAMS 0x000000070e000000, 0x000000070e000000| Untracked 
| 185|0x000000070e400000, 0x000000070e400000, 0x000000070e800000|  0%| F|  |TAMS 0x000000070e400000, 0x000000070e400000| Untracked 
| 186|0x000000070e800000, 0x000000070e800000, 0x000000070ec00000|  0%| F|  |TAMS 0x000000070e800000, 0x000000070e800000| Untracked 
| 187|0x000000070ec00000, 0x000000070ec00000, 0x000000070f000000|  0%| F|  |TAMS 0x000000070ec00000, 0x000000070ec00000| Untracked 
| 188|0x000000070f000000, 0x000000070f000000, 0x000000070f400000|  0%| F|  |TAMS 0x000000070f000000, 0x000000070f000000| Untracked 
| 189|0x000000070f400000, 0x000000070f400000, 0x000000070f800000|  0%| F|  |TAMS 0x000000070f400000, 0x000000070f400000| Untracked 
| 190|0x000000070f800000, 0x000000070f800000, 0x000000070fc00000|  0%| F|  |TAMS 0x000000070f800000, 0x000000070f800000| Untracked 
| 191|0x000000070fc00000, 0x000000070fc00000, 0x0000000710000000|  0%| F|  |TAMS 0x000000070fc00000, 0x000000070fc00000| Untracked 
| 192|0x0000000710000000, 0x0000000710000000, 0x0000000710400000|  0%| F|  |TAMS 0x0000000710000000, 0x0000000710000000| Untracked 
| 193|0x0000000710400000, 0x0000000710400000, 0x0000000710800000|  0%| F|  |TAMS 0x0000000710400000, 0x0000000710400000| Untracked 
| 194|0x0000000710800000, 0x0000000710800000, 0x0000000710c00000|  0%| F|  |TAMS 0x0000000710800000, 0x0000000710800000| Untracked 
| 195|0x0000000710c00000, 0x0000000710c00000, 0x0000000711000000|  0%| F|  |TAMS 0x0000000710c00000, 0x0000000710c00000| Untracked 
| 196|0x0000000711000000, 0x0000000711000000, 0x0000000711400000|  0%| F|  |TAMS 0x0000000711000000, 0x0000000711000000| Untracked 
| 197|0x0000000711400000, 0x0000000711400000, 0x0000000711800000|  0%| F|  |TAMS 0x0000000711400000, 0x0000000711400000| Untracked 
| 198|0x0000000711800000, 0x0000000711800000, 0x0000000711c00000|  0%| F|  |TAMS 0x0000000711800000, 0x0000000711800000| Untracked 
| 199|0x0000000711c00000, 0x0000000711c00000, 0x0000000712000000|  0%| F|  |TAMS 0x0000000711c00000, 0x0000000711c00000| Untracked 
| 200|0x0000000712000000, 0x0000000712000000, 0x0000000712400000|  0%| F|  |TAMS 0x0000000712000000, 0x0000000712000000| Untracked 
| 201|0x0000000712400000, 0x0000000712400000, 0x0000000712800000|  0%| F|  |TAMS 0x0000000712400000, 0x0000000712400000| Untracked 
| 202|0x0000000712800000, 0x0000000712800000, 0x0000000712c00000|  0%| F|  |TAMS 0x0000000712800000, 0x0000000712800000| Untracked 
| 203|0x0000000712c00000, 0x0000000712c00000, 0x0000000713000000|  0%| F|  |TAMS 0x0000000712c00000, 0x0000000712c00000| Untracked 
| 204|0x0000000713000000, 0x0000000713000000, 0x0000000713400000|  0%| F|  |TAMS 0x0000000713000000, 0x0000000713000000| Untracked 
| 205|0x0000000713400000, 0x0000000713400000, 0x0000000713800000|  0%| F|  |TAMS 0x0000000713400000, 0x0000000713400000| Untracked 
| 206|0x0000000713800000, 0x0000000713800000, 0x0000000713c00000|  0%| F|  |TAMS 0x0000000713800000, 0x0000000713800000| Untracked 
| 207|0x0000000713c00000, 0x0000000713c00000, 0x0000000714000000|  0%| F|  |TAMS 0x0000000713c00000, 0x0000000713c00000| Untracked 
| 208|0x0000000714000000, 0x0000000714000000, 0x0000000714400000|  0%| F|  |TAMS 0x0000000714000000, 0x0000000714000000| Untracked 
| 209|0x0000000714400000, 0x0000000714400000, 0x0000000714800000|  0%| F|  |TAMS 0x0000000714400000, 0x0000000714400000| Untracked 
| 210|0x0000000714800000, 0x0000000714800000, 0x0000000714c00000|  0%| F|  |TAMS 0x0000000714800000, 0x0000000714800000| Untracked 
| 211|0x0000000714c00000, 0x0000000714c00000, 0x0000000715000000|  0%| F|  |TAMS 0x0000000714c00000, 0x0000000714c00000| Untracked 
| 212|0x0000000715000000, 0x0000000715000000, 0x0000000715400000|  0%| F|  |TAMS 0x0000000715000000, 0x0000000715000000| Untracked 
| 213|0x0000000715400000, 0x0000000715400000, 0x0000000715800000|  0%| F|  |TAMS 0x0000000715400000, 0x0000000715400000| Untracked 
| 214|0x0000000715800000, 0x0000000715800000, 0x0000000715c00000|  0%| F|  |TAMS 0x0000000715800000, 0x0000000715800000| Untracked 
| 215|0x0000000715c00000, 0x0000000715c00000, 0x0000000716000000|  0%| F|  |TAMS 0x0000000715c00000, 0x0000000715c00000| Untracked 
| 216|0x0000000716000000, 0x0000000716000000, 0x0000000716400000|  0%| F|  |TAMS 0x0000000716000000, 0x0000000716000000| Untracked 
| 217|0x0000000716400000, 0x0000000716400000, 0x0000000716800000|  0%| F|  |TAMS 0x0000000716400000, 0x0000000716400000| Untracked 
| 218|0x0000000716800000, 0x0000000716800000, 0x0000000716c00000|  0%| F|  |TAMS 0x0000000716800000, 0x0000000716800000| Untracked 
| 219|0x0000000716c00000, 0x0000000716c00000, 0x0000000717000000|  0%| F|  |TAMS 0x0000000716c00000, 0x0000000716c00000| Untracked 
| 220|0x0000000717000000, 0x0000000717000000, 0x0000000717400000|  0%| F|  |TAMS 0x0000000717000000, 0x0000000717000000| Untracked 
| 221|0x0000000717400000, 0x00000007175ead70, 0x0000000717800000| 47%| S|CS|TAMS 0x0000000717400000, 0x0000000717400000| Complete 
| 222|0x0000000717800000, 0x0000000717c00000, 0x0000000717c00000|100%| S|CS|TAMS 0x0000000717800000, 0x0000000717800000| Complete 
| 223|0x0000000717c00000, 0x0000000718000000, 0x0000000718000000|100%| S|CS|TAMS 0x0000000717c00000, 0x0000000717c00000| Complete 
| 224|0x0000000718000000, 0x0000000718400000, 0x0000000718400000|100%| S|CS|TAMS 0x0000000718000000, 0x0000000718000000| Complete 
| 225|0x0000000718400000, 0x0000000718400000, 0x0000000718800000|  0%| F|  |TAMS 0x0000000718400000, 0x0000000718400000| Untracked 
| 226|0x0000000718800000, 0x0000000718800000, 0x0000000718c00000|  0%| F|  |TAMS 0x0000000718800000, 0x0000000718800000| Untracked 
| 227|0x0000000718c00000, 0x0000000719000000, 0x0000000719000000|100%| S|CS|TAMS 0x0000000718c00000, 0x0000000718c00000| Complete 
| 228|0x0000000719000000, 0x0000000719000000, 0x0000000719400000|  0%| F|  |TAMS 0x0000000719000000, 0x0000000719000000| Untracked 
| 229|0x0000000719400000, 0x0000000719400000, 0x0000000719800000|  0%| F|  |TAMS 0x0000000719400000, 0x0000000719400000| Untracked 
| 230|0x0000000719800000, 0x0000000719800000, 0x0000000719c00000|  0%| F|  |TAMS 0x0000000719800000, 0x0000000719800000| Untracked 
| 231|0x0000000719c00000, 0x0000000719c00000, 0x000000071a000000|  0%| F|  |TAMS 0x0000000719c00000, 0x0000000719c00000| Untracked 
| 232|0x000000071a000000, 0x000000071a000000, 0x000000071a400000|  0%| F|  |TAMS 0x000000071a000000, 0x000000071a000000| Untracked 
| 233|0x000000071a400000, 0x000000071a400000, 0x000000071a800000|  0%| F|  |TAMS 0x000000071a400000, 0x000000071a400000| Untracked 
| 234|0x000000071a800000, 0x000000071a800000, 0x000000071ac00000|  0%| F|  |TAMS 0x000000071a800000, 0x000000071a800000| Untracked 
| 235|0x000000071ac00000, 0x000000071ac00000, 0x000000071b000000|  0%| F|  |TAMS 0x000000071ac00000, 0x000000071ac00000| Untracked 
| 236|0x000000071b000000, 0x000000071b000000, 0x000000071b400000|  0%| F|  |TAMS 0x000000071b000000, 0x000000071b000000| Untracked 
| 237|0x000000071b400000, 0x000000071b400000, 0x000000071b800000|  0%| F|  |TAMS 0x000000071b400000, 0x000000071b400000| Untracked 
| 238|0x000000071b800000, 0x000000071b800000, 0x000000071bc00000|  0%| F|  |TAMS 0x000000071b800000, 0x000000071b800000| Untracked 
| 239|0x000000071bc00000, 0x000000071bc00000, 0x000000071c000000|  0%| F|  |TAMS 0x000000071bc00000, 0x000000071bc00000| Untracked 
| 240|0x000000071c000000, 0x000000071c000000, 0x000000071c400000|  0%| F|  |TAMS 0x000000071c000000, 0x000000071c000000| Untracked 
| 241|0x000000071c400000, 0x000000071c400000, 0x000000071c800000|  0%| F|  |TAMS 0x000000071c400000, 0x000000071c400000| Untracked 
| 242|0x000000071c800000, 0x000000071c800000, 0x000000071cc00000|  0%| F|  |TAMS 0x000000071c800000, 0x000000071c800000| Untracked 
| 243|0x000000071cc00000, 0x000000071cc00000, 0x000000071d000000|  0%| F|  |TAMS 0x000000071cc00000, 0x000000071cc00000| Untracked 
| 244|0x000000071d000000, 0x000000071d000000, 0x000000071d400000|  0%| F|  |TAMS 0x000000071d000000, 0x000000071d000000| Untracked 
| 245|0x000000071d400000, 0x000000071d400000, 0x000000071d800000|  0%| F|  |TAMS 0x000000071d400000, 0x000000071d400000| Untracked 
| 246|0x000000071d800000, 0x000000071d800000, 0x000000071dc00000|  0%| F|  |TAMS 0x000000071d800000, 0x000000071d800000| Untracked 
| 247|0x000000071dc00000, 0x000000071dc00000, 0x000000071e000000|  0%| F|  |TAMS 0x000000071dc00000, 0x000000071dc00000| Untracked 
| 248|0x000000071e000000, 0x000000071e000000, 0x000000071e400000|  0%| F|  |TAMS 0x000000071e000000, 0x000000071e000000| Untracked 
| 249|0x000000071e400000, 0x000000071e400000, 0x000000071e800000|  0%| F|  |TAMS 0x000000071e400000, 0x000000071e400000| Untracked 
| 250|0x000000071e800000, 0x000000071e800000, 0x000000071ec00000|  0%| F|  |TAMS 0x000000071e800000, 0x000000071e800000| Untracked 
| 251|0x000000071ec00000, 0x000000071ec00000, 0x000000071f000000|  0%| F|  |TAMS 0x000000071ec00000, 0x000000071ec00000| Untracked 
| 252|0x000000071f000000, 0x000000071f000000, 0x000000071f400000|  0%| F|  |TAMS 0x000000071f000000, 0x000000071f000000| Untracked 
| 253|0x000000071f400000, 0x000000071f400000, 0x000000071f800000|  0%| F|  |TAMS 0x000000071f400000, 0x000000071f400000| Untracked 
| 254|0x000000071f800000, 0x000000071f800000, 0x000000071fc00000|  0%| F|  |TAMS 0x000000071f800000, 0x000000071f800000| Untracked 
| 255|0x000000071fc00000, 0x000000071fc00000, 0x0000000720000000|  0%| F|  |TAMS 0x000000071fc00000, 0x000000071fc00000| Untracked 
| 256|0x0000000720000000, 0x0000000720000000, 0x0000000720400000|  0%| F|  |TAMS 0x0000000720000000, 0x0000000720000000| Untracked 
| 257|0x0000000720400000, 0x0000000720400000, 0x0000000720800000|  0%| F|  |TAMS 0x0000000720400000, 0x0000000720400000| Untracked 
| 258|0x0000000720800000, 0x0000000720800000, 0x0000000720c00000|  0%| F|  |TAMS 0x0000000720800000, 0x0000000720800000| Untracked 
| 259|0x0000000720c00000, 0x0000000720c00000, 0x0000000721000000|  0%| F|  |TAMS 0x0000000720c00000, 0x0000000720c00000| Untracked 
| 260|0x0000000721000000, 0x0000000721000000, 0x0000000721400000|  0%| F|  |TAMS 0x0000000721000000, 0x0000000721000000| Untracked 
| 261|0x0000000721400000, 0x0000000721400000, 0x0000000721800000|  0%| F|  |TAMS 0x0000000721400000, 0x0000000721400000| Untracked 
| 262|0x0000000721800000, 0x0000000721800000, 0x0000000721c00000|  0%| F|  |TAMS 0x0000000721800000, 0x0000000721800000| Untracked 
| 263|0x0000000721c00000, 0x0000000721c00000, 0x0000000722000000|  0%| F|  |TAMS 0x0000000721c00000, 0x0000000721c00000| Untracked 
| 264|0x0000000722000000, 0x0000000722000000, 0x0000000722400000|  0%| F|  |TAMS 0x0000000722000000, 0x0000000722000000| Untracked 
| 265|0x0000000722400000, 0x0000000722400000, 0x0000000722800000|  0%| F|  |TAMS 0x0000000722400000, 0x0000000722400000| Untracked 
| 266|0x0000000722800000, 0x0000000722800000, 0x0000000722c00000|  0%| F|  |TAMS 0x0000000722800000, 0x0000000722800000| Untracked 
| 267|0x0000000722c00000, 0x0000000722c00000, 0x0000000723000000|  0%| F|  |TAMS 0x0000000722c00000, 0x0000000722c00000| Untracked 
| 268|0x0000000723000000, 0x0000000723000000, 0x0000000723400000|  0%| F|  |TAMS 0x0000000723000000, 0x0000000723000000| Untracked 
| 269|0x0000000723400000, 0x0000000723400000, 0x0000000723800000|  0%| F|  |TAMS 0x0000000723400000, 0x0000000723400000| Untracked 
| 270|0x0000000723800000, 0x0000000723800000, 0x0000000723c00000|  0%| F|  |TAMS 0x0000000723800000, 0x0000000723800000| Untracked 
| 271|0x0000000723c00000, 0x0000000723c00000, 0x0000000724000000|  0%| F|  |TAMS 0x0000000723c00000, 0x0000000723c00000| Untracked 
| 272|0x0000000724000000, 0x0000000724000000, 0x0000000724400000|  0%| F|  |TAMS 0x0000000724000000, 0x0000000724000000| Untracked 
| 273|0x0000000724400000, 0x0000000724400000, 0x0000000724800000|  0%| F|  |TAMS 0x0000000724400000, 0x0000000724400000| Untracked 
| 274|0x0000000724800000, 0x0000000724800000, 0x0000000724c00000|  0%| F|  |TAMS 0x0000000724800000, 0x0000000724800000| Untracked 
| 275|0x0000000724c00000, 0x0000000724c00000, 0x0000000725000000|  0%| F|  |TAMS 0x0000000724c00000, 0x0000000724c00000| Untracked 
| 276|0x0000000725000000, 0x0000000725000000, 0x0000000725400000|  0%| F|  |TAMS 0x0000000725000000, 0x0000000725000000| Untracked 
| 277|0x0000000725400000, 0x0000000725400000, 0x0000000725800000|  0%| F|  |TAMS 0x0000000725400000, 0x0000000725400000| Untracked 
| 278|0x0000000725800000, 0x0000000725800000, 0x0000000725c00000|  0%| F|  |TAMS 0x0000000725800000, 0x0000000725800000| Untracked 
| 279|0x0000000725c00000, 0x0000000725c00000, 0x0000000726000000|  0%| F|  |TAMS 0x0000000725c00000, 0x0000000725c00000| Untracked 
| 280|0x0000000726000000, 0x0000000726000000, 0x0000000726400000|  0%| F|  |TAMS 0x0000000726000000, 0x0000000726000000| Untracked 
| 281|0x0000000726400000, 0x0000000726400000, 0x0000000726800000|  0%| F|  |TAMS 0x0000000726400000, 0x0000000726400000| Untracked 
| 282|0x0000000726800000, 0x0000000726b8a108, 0x0000000726c00000| 88%| E|  |TAMS 0x0000000726800000, 0x0000000726800000| Complete 
| 283|0x0000000726c00000, 0x0000000727000000, 0x0000000727000000|100%| E|CS|TAMS 0x0000000726c00000, 0x0000000726c00000| Complete 
| 284|0x0000000727000000, 0x0000000727400000, 0x0000000727400000|100%| E|CS|TAMS 0x0000000727000000, 0x0000000727000000| Complete 
| 285|0x0000000727400000, 0x0000000727800000, 0x0000000727800000|100%| E|CS|TAMS 0x0000000727400000, 0x0000000727400000| Complete 
| 286|0x0000000727800000, 0x0000000727c00000, 0x0000000727c00000|100%| E|CS|TAMS 0x0000000727800000, 0x0000000727800000| Complete 
| 287|0x0000000727c00000, 0x0000000728000000, 0x0000000728000000|100%| E|CS|TAMS 0x0000000727c00000, 0x0000000727c00000| Complete 
| 288|0x0000000728000000, 0x0000000728400000, 0x0000000728400000|100%| E|CS|TAMS 0x0000000728000000, 0x0000000728000000| Complete 
| 289|0x0000000728400000, 0x0000000728800000, 0x0000000728800000|100%| E|CS|TAMS 0x0000000728400000, 0x0000000728400000| Complete 
| 290|0x0000000728800000, 0x0000000728c00000, 0x0000000728c00000|100%| E|CS|TAMS 0x0000000728800000, 0x0000000728800000| Complete 
| 291|0x0000000728c00000, 0x0000000729000000, 0x0000000729000000|100%| E|CS|TAMS 0x0000000728c00000, 0x0000000728c00000| Complete 
| 292|0x0000000729000000, 0x0000000729400000, 0x0000000729400000|100%| E|CS|TAMS 0x0000000729000000, 0x0000000729000000| Complete 
| 293|0x0000000729400000, 0x0000000729800000, 0x0000000729800000|100%| E|CS|TAMS 0x0000000729400000, 0x0000000729400000| Complete 
| 294|0x0000000729800000, 0x0000000729c00000, 0x0000000729c00000|100%| E|CS|TAMS 0x0000000729800000, 0x0000000729800000| Complete 
| 295|0x0000000729c00000, 0x000000072a000000, 0x000000072a000000|100%| E|CS|TAMS 0x0000000729c00000, 0x0000000729c00000| Complete 
| 296|0x000000072a000000, 0x000000072a400000, 0x000000072a400000|100%| E|CS|TAMS 0x000000072a000000, 0x000000072a000000| Complete 
| 297|0x000000072a400000, 0x000000072a800000, 0x000000072a800000|100%| E|CS|TAMS 0x000000072a400000, 0x000000072a400000| Complete 
| 298|0x000000072a800000, 0x000000072ac00000, 0x000000072ac00000|100%| E|CS|TAMS 0x000000072a800000, 0x000000072a800000| Complete 
| 299|0x000000072ac00000, 0x000000072b000000, 0x000000072b000000|100%| E|CS|TAMS 0x000000072ac00000, 0x000000072ac00000| Complete 
| 300|0x000000072b000000, 0x000000072b400000, 0x000000072b400000|100%| E|CS|TAMS 0x000000072b000000, 0x000000072b000000| Complete 
| 301|0x000000072b400000, 0x000000072b800000, 0x000000072b800000|100%| E|CS|TAMS 0x000000072b400000, 0x000000072b400000| Complete 
| 302|0x000000072b800000, 0x000000072bc00000, 0x000000072bc00000|100%| E|CS|TAMS 0x000000072b800000, 0x000000072b800000| Complete 
| 303|0x000000072bc00000, 0x000000072c000000, 0x000000072c000000|100%| E|CS|TAMS 0x000000072bc00000, 0x000000072bc00000| Complete 
| 304|0x000000072c000000, 0x000000072c400000, 0x000000072c400000|100%| E|CS|TAMS 0x000000072c000000, 0x000000072c000000| Complete 
| 305|0x000000072c400000, 0x000000072c800000, 0x000000072c800000|100%| E|CS|TAMS 0x000000072c400000, 0x000000072c400000| Complete 
| 306|0x000000072c800000, 0x000000072cc00000, 0x000000072cc00000|100%| E|CS|TAMS 0x000000072c800000, 0x000000072c800000| Complete 
| 307|0x000000072cc00000, 0x000000072d000000, 0x000000072d000000|100%| E|CS|TAMS 0x000000072cc00000, 0x000000072cc00000| Complete 
| 308|0x000000072d000000, 0x000000072d400000, 0x000000072d400000|100%| E|CS|TAMS 0x000000072d000000, 0x000000072d000000| Complete 
| 309|0x000000072d400000, 0x000000072d800000, 0x000000072d800000|100%| E|CS|TAMS 0x000000072d400000, 0x000000072d400000| Complete 
| 310|0x000000072d800000, 0x000000072dc00000, 0x000000072dc00000|100%| E|CS|TAMS 0x000000072d800000, 0x000000072d800000| Complete 
| 311|0x000000072dc00000, 0x000000072e000000, 0x000000072e000000|100%| E|CS|TAMS 0x000000072dc00000, 0x000000072dc00000| Complete 
| 312|0x000000072e000000, 0x000000072e400000, 0x000000072e400000|100%| E|CS|TAMS 0x000000072e000000, 0x000000072e000000| Complete 
| 313|0x000000072e400000, 0x000000072e800000, 0x000000072e800000|100%| E|CS|TAMS 0x000000072e400000, 0x000000072e400000| Complete 
| 314|0x000000072e800000, 0x000000072ec00000, 0x000000072ec00000|100%| E|CS|TAMS 0x000000072e800000, 0x000000072e800000| Complete 
| 315|0x000000072ec00000, 0x000000072f000000, 0x000000072f000000|100%| E|CS|TAMS 0x000000072ec00000, 0x000000072ec00000| Complete 
| 316|0x000000072f000000, 0x000000072f400000, 0x000000072f400000|100%| E|CS|TAMS 0x000000072f000000, 0x000000072f000000| Complete 
| 317|0x000000072f400000, 0x000000072f800000, 0x000000072f800000|100%| E|CS|TAMS 0x000000072f400000, 0x000000072f400000| Complete 
| 318|0x000000072f800000, 0x000000072fc00000, 0x000000072fc00000|100%| E|CS|TAMS 0x000000072f800000, 0x000000072f800000| Complete 
| 319|0x000000072fc00000, 0x0000000730000000, 0x0000000730000000|100%| E|CS|TAMS 0x000000072fc00000, 0x000000072fc00000| Complete 
| 320|0x0000000730000000, 0x0000000730400000, 0x0000000730400000|100%| E|CS|TAMS 0x0000000730000000, 0x0000000730000000| Complete 
| 321|0x0000000730400000, 0x0000000730800000, 0x0000000730800000|100%| E|CS|TAMS 0x0000000730400000, 0x0000000730400000| Complete 
| 322|0x0000000730800000, 0x0000000730c00000, 0x0000000730c00000|100%| E|CS|TAMS 0x0000000730800000, 0x0000000730800000| Complete 
| 323|0x0000000730c00000, 0x0000000731000000, 0x0000000731000000|100%| E|CS|TAMS 0x0000000730c00000, 0x0000000730c00000| Complete 
| 324|0x0000000731000000, 0x0000000731400000, 0x0000000731400000|100%| E|CS|TAMS 0x0000000731000000, 0x0000000731000000| Complete 
| 325|0x0000000731400000, 0x0000000731800000, 0x0000000731800000|100%| E|CS|TAMS 0x0000000731400000, 0x0000000731400000| Complete 
| 326|0x0000000731800000, 0x0000000731c00000, 0x0000000731c00000|100%| E|CS|TAMS 0x0000000731800000, 0x0000000731800000| Complete 
| 327|0x0000000731c00000, 0x0000000732000000, 0x0000000732000000|100%| E|CS|TAMS 0x0000000731c00000, 0x0000000731c00000| Complete 
| 328|0x0000000732000000, 0x0000000732400000, 0x0000000732400000|100%| E|CS|TAMS 0x0000000732000000, 0x0000000732000000| Complete 
| 329|0x0000000732400000, 0x0000000732800000, 0x0000000732800000|100%| E|CS|TAMS 0x0000000732400000, 0x0000000732400000| Complete 
| 330|0x0000000732800000, 0x0000000732c00000, 0x0000000732c00000|100%| E|CS|TAMS 0x0000000732800000, 0x0000000732800000| Complete 
| 331|0x0000000732c00000, 0x0000000733000000, 0x0000000733000000|100%| E|CS|TAMS 0x0000000732c00000, 0x0000000732c00000| Complete 
| 332|0x0000000733000000, 0x0000000733400000, 0x0000000733400000|100%| E|CS|TAMS 0x0000000733000000, 0x0000000733000000| Complete 
| 333|0x0000000733400000, 0x0000000733800000, 0x0000000733800000|100%| E|CS|TAMS 0x0000000733400000, 0x0000000733400000| Complete 
| 334|0x0000000733800000, 0x0000000733c00000, 0x0000000733c00000|100%| E|CS|TAMS 0x0000000733800000, 0x0000000733800000| Complete 
| 335|0x0000000733c00000, 0x0000000734000000, 0x0000000734000000|100%| E|CS|TAMS 0x0000000733c00000, 0x0000000733c00000| Complete 
| 336|0x0000000734000000, 0x0000000734400000, 0x0000000734400000|100%| E|CS|TAMS 0x0000000734000000, 0x0000000734000000| Complete 
| 337|0x0000000734400000, 0x0000000734800000, 0x0000000734800000|100%| E|CS|TAMS 0x0000000734400000, 0x0000000734400000| Complete 
| 338|0x0000000734800000, 0x0000000734c00000, 0x0000000734c00000|100%| E|CS|TAMS 0x0000000734800000, 0x0000000734800000| Complete 

Card table byte_map: [0x00000294f9180000,0x00000294f9a80000] _byte_map_base: 0x00000294f5a80000

Marking Bits (Prev, Next): (CMBitMap*) 0x00000294f31e1a20, (CMBitMap*) 0x00000294f31e1a60
 Prev Bits: [0x00000294fa380000, 0x00000294feb80000)
 Next Bits: [0x000002948f000000, 0x0000029493800000)

Polling page: 0x00000294f3220000

Metaspace:

Usage:
  Non-class:    145.32 MB used.
      Class:     21.78 MB used.
       Both:    167.10 MB used.

Virtual space:
  Non-class space:      192.00 MB reserved,     146.31 MB ( 76%) committed,  3 nodes.
      Class space:        1.00 GB reserved,      22.50 MB (  2%) committed,  1 nodes.
             Both:        1.19 GB reserved,     168.81 MB ( 14%) committed. 

Chunk freelists:
   Non-Class:  13.60 MB
       Class:  9.46 MB
        Both:  23.06 MB

MaxMetaspaceSize: unlimited
CompressedClassSpaceSize: 1.00 GB
Initial GC threshold: 21.00 MB
Current GC threshold: 271.25 MB
CDS: off
MetaspaceReclaimPolicy: balanced
 - commit_granule_bytes: 65536.
 - commit_granule_words: 8192.
 - virtual_space_node_default_size: 8388608.
 - enlarge_chunks_in_place: 1.
 - new_chunks_are_fully_committed: 0.
 - uncommit_free_chunks: 1.
 - use_allocation_guard: 0.
 - handle_deallocations: 1.


Internal statistics:

num_allocs_failed_limit: 9.
num_arena_births: 2542.
num_arena_deaths: 62.
num_vsnodes_births: 4.
num_vsnodes_deaths: 0.
num_space_committed: 2700.
num_space_uncommitted: 0.
num_chunks_returned_to_freelist: 96.
num_chunks_taken_from_freelist: 9574.
num_chunk_merges: 34.
num_chunk_splits: 6097.
num_chunks_enlarged: 3783.
num_inconsistent_stats: 0.

CodeHeap 'non-profiled nmethods': size=120000Kb used=30708Kb max_used=30734Kb free=89291Kb
 bounds [0x0000029487ad0000, 0x0000029489920000, 0x000002948f000000]
CodeHeap 'profiled nmethods': size=120000Kb used=66980Kb max_used=66980Kb free=53019Kb
 bounds [0x0000029480000000, 0x0000029484170000, 0x0000029487530000]
CodeHeap 'non-nmethods': size=5760Kb used=2554Kb max_used=2656Kb free=3205Kb
 bounds [0x0000029487530000, 0x00000294877e0000, 0x0000029487ad0000]
 total_blobs=32789 nmethods=31686 adapters=1013
 compilation: enabled
              stopped_count=0, restarted_count=0
 full_count=0

Compilation events (20 events):
Event: 136.569 Thread 0x00000294958a1480 42502 %     3       com.android.tools.r8.internal.rR::a @ 10 (202 bytes)
Event: 136.570 Thread 0x00000294958a1480 nmethod 42502% 0x000002948415b590 code [0x000002948415b860, 0x000002948415c978]
Event: 136.581 Thread 0x00000294958a1480 42504       2       com.android.tools.r8.internal.ju::a (30 bytes)
Event: 136.581 Thread 0x00000294958a1480 nmethod 42504 0x000002948415cf10 code [0x000002948415d0a0, 0x000002948415d1f8]
Event: 136.586 Thread 0x00000294958a1480 42505       2       com.android.tools.r8.internal.ju::b (48 bytes)
Event: 136.586 Thread 0x00000294958a1480 nmethod 42505 0x000002948415d310 code [0x000002948415d4a0, 0x000002948415d618]
Event: 136.586 Thread 0x00000294958a1480 42506       2       com.android.tools.r8.internal.Fb::<init> (10 bytes)
Event: 136.586 Thread 0x00000294958a1480 nmethod 42506 0x000002948415d710 code [0x000002948415d8a0, 0x000002948415d9f8]
Event: 136.586 Thread 0x00000294958a1480 42507       2       com.android.tools.r8.internal.Ib$$Lambda$3385/0x000000080165ca78::accept (14 bytes)
Event: 136.586 Thread 0x00000294958a1480 nmethod 42507 0x000002948415da90 code [0x000002948415dc40, 0x000002948415dda8]
Event: 136.596 Thread 0x00000294958a1480 42508       2       com.android.tools.r8.internal.Eb::<init> (11 bytes)
Event: 136.596 Thread 0x00000294958a1480 nmethod 42508 0x000002948415de90 code [0x000002948415e020, 0x000002948415e1f8]
Event: 136.596 Thread 0x00000294958a1480 42509       2       com.android.tools.r8.internal.Eb::a (7 bytes)
Event: 136.596 Thread 0x00000294958a1480 nmethod 42509 0x000002948415e290 code [0x000002948415e420, 0x000002948415e578]
Event: 136.603 Thread 0x00000294958a1480 42510 %     3       com.android.tools.r8.internal.Lg::a @ 37 (672 bytes)
Event: 136.609 Thread 0x00000294958a09d0 nmethod 41790% 0x00000294896ae210 code [0x00000294896ae820, 0x00000294896b3f20]
Event: 136.610 Thread 0x00000294958a09d0 42484       4       com.android.tools.r8.internal.Ie::a (610 bytes)
Event: 136.610 Thread 0x00000294958a1480 nmethod 42510% 0x000002948415e610 code [0x000002948415f060, 0x00000294841668a8]
Event: 136.614 Thread 0x00000294a0ae0fb0 nmethod 42140% 0x0000029489906590 code [0x0000029489907b00, 0x00000294899125d0]
Event: 136.615 Thread 0x00000294a0ae0fb0 42503 %     4       com.android.tools.r8.internal.Rh::a @ 33 (298 bytes)

GC Heap History (20 events):
Event: 124.616 GC heap before
{Heap before GC invocations=89 (full 0):
 garbage-first heap   total 1249280K, used 802042K [0x00000006e0000000, 0x0000000800000000)
  region size 4096K, 50 young (204800K), 7 survivors (28672K)
 Metaspace       used 162862K, committed 164544K, reserved 1245184K
  class space    used 21220K, committed 21952K, reserved 1048576K
}
Event: 124.639 GC heap after
{Heap after GC invocations=90 (full 0):
 garbage-first heap   total 1249280K, used 643916K [0x00000006e0000000, 0x0000000800000000)
  region size 4096K, 5 young (20480K), 5 survivors (20480K)
 Metaspace       used 162862K, committed 164544K, reserved 1245184K
  class space    used 21220K, committed 21952K, reserved 1048576K
}
Event: 124.818 GC heap before
{Heap before GC invocations=90 (full 0):
 garbage-first heap   total 1249280K, used 680780K [0x00000006e0000000, 0x0000000800000000)
  region size 4096K, 15 young (61440K), 5 survivors (20480K)
 Metaspace       used 163059K, committed 164672K, reserved 1245184K
  class space    used 21238K, committed 21952K, reserved 1048576K
}
Event: 124.845 GC heap after
{Heap after GC invocations=91 (full 0):
 garbage-first heap   total 1388544K, used 638549K [0x00000006e0000000, 0x0000000800000000)
  region size 4096K, 1 young (4096K), 1 survivors (4096K)
 Metaspace       used 163059K, committed 164672K, reserved 1245184K
  class space    used 21238K, committed 21952K, reserved 1048576K
}
Event: 127.539 GC heap before
{Heap before GC invocations=91 (full 0):
 garbage-first heap   total 1388544K, used 1109589K [0x00000006e0000000, 0x0000000800000000)
  region size 4096K, 117 young (479232K), 1 survivors (4096K)
 Metaspace       used 163949K, committed 165568K, reserved 1245184K
  class space    used 21365K, committed 22080K, reserved 1048576K
}
Event: 127.560 GC heap after
{Heap after GC invocations=92 (full 0):
 garbage-first heap   total 1388544K, used 665106K [0x00000006e0000000, 0x0000000800000000)
  region size 4096K, 8 young (32768K), 8 survivors (32768K)
 Metaspace       used 163949K, committed 165568K, reserved 1245184K
  class space    used 21365K, committed 22080K, reserved 1048576K
}
Event: 129.702 GC heap before
{Heap before GC invocations=92 (full 0):
 garbage-first heap   total 1388544K, used 1136146K [0x00000006e0000000, 0x0000000800000000)
  region size 4096K, 123 young (503808K), 8 survivors (32768K)
 Metaspace       used 164037K, committed 165760K, reserved 1245184K
  class space    used 21372K, committed 22144K, reserved 1048576K
}
Event: 129.727 GC heap after
{Heap after GC invocations=93 (full 0):
 garbage-first heap   total 1388544K, used 691660K [0x00000006e0000000, 0x0000000800000000)
  region size 4096K, 14 young (57344K), 14 survivors (57344K)
 Metaspace       used 164037K, committed 165760K, reserved 1245184K
  class space    used 21372K, committed 22144K, reserved 1048576K
}
Event: 130.428 GC heap before
{Heap before GC invocations=93 (full 0):
 garbage-first heap   total 1388544K, used 851404K [0x00000006e0000000, 0x0000000800000000)
  region size 4096K, 54 young (221184K), 14 survivors (57344K)
 Metaspace       used 164625K, committed 166336K, reserved 1245184K
  class space    used 21479K, committed 22208K, reserved 1048576K
}
Event: 130.455 GC heap after
{Heap after GC invocations=94 (full 0):
 garbage-first heap   total 1388544K, used 694850K [0x00000006e0000000, 0x0000000800000000)
  region size 4096K, 9 young (36864K), 9 survivors (36864K)
 Metaspace       used 164625K, committed 166336K, reserved 1245184K
  class space    used 21479K, committed 22208K, reserved 1048576K
}
Event: 132.539 GC heap before
{Heap before GC invocations=95 (full 0):
 garbage-first heap   total 1388544K, used 1161794K [0x00000006e0000000, 0x0000000800000000)
  region size 4096K, 121 young (495616K), 9 survivors (36864K)
 Metaspace       used 166699K, committed 168448K, reserved 1245184K
  class space    used 21763K, committed 22528K, reserved 1048576K
}
Event: 132.576 GC heap after
{Heap after GC invocations=96 (full 0):
 garbage-first heap   total 1388544K, used 727704K [0x00000006e0000000, 0x0000000800000000)
  region size 4096K, 16 young (65536K), 16 survivors (65536K)
 Metaspace       used 166699K, committed 168448K, reserved 1245184K
  class space    used 21763K, committed 22528K, reserved 1048576K
}
Event: 132.587 GC heap before
{Heap before GC invocations=96 (full 0):
 garbage-first heap   total 1388544K, used 731800K [0x00000006e0000000, 0x0000000800000000)
  region size 4096K, 17 young (69632K), 16 survivors (65536K)
 Metaspace       used 166699K, committed 168448K, reserved 1245184K
  class space    used 21763K, committed 22528K, reserved 1048576K
}
Event: 132.619 GC heap after
{Heap after GC invocations=97 (full 0):
 garbage-first heap   total 1388544K, used 722290K [0x00000006e0000000, 0x0000000800000000)
  region size 4096K, 2 young (8192K), 2 survivors (8192K)
 Metaspace       used 166699K, committed 168448K, reserved 1245184K
  class space    used 21763K, committed 22528K, reserved 1048576K
}
Event: 134.361 GC heap before
{Heap before GC invocations=97 (full 0):
 garbage-first heap   total 1388544K, used 1152370K [0x00000006e0000000, 0x0000000800000000)
  region size 4096K, 108 young (442368K), 2 survivors (8192K)
 Metaspace       used 169945K, committed 171712K, reserved 1245184K
  class space    used 22271K, committed 23040K, reserved 1048576K
}
Event: 134.374 GC heap after
{Heap after GC invocations=98 (full 0):
 garbage-first heap   total 1388544K, used 728376K [0x00000006e0000000, 0x0000000800000000)
  region size 4096K, 4 young (16384K), 4 survivors (16384K)
 Metaspace       used 169945K, committed 171712K, reserved 1245184K
  class space    used 22271K, committed 23040K, reserved 1048576K
}
Event: 135.370 GC heap before
{Heap before GC invocations=98 (full 0):
 garbage-first heap   total 1388544K, used 1162552K [0x00000006e0000000, 0x0000000800000000)
  region size 4096K, 110 young (450560K), 4 survivors (16384K)
 Metaspace       used 170759K, committed 172480K, reserved 1245184K
  class space    used 22309K, committed 23040K, reserved 1048576K
}
Event: 135.381 GC heap after
{Heap after GC invocations=99 (full 0):
 garbage-first heap   total 1388544K, used 730032K [0x00000006e0000000, 0x0000000800000000)
  region size 4096K, 4 young (16384K), 4 survivors (16384K)
 Metaspace       used 170759K, committed 172480K, reserved 1245184K
  class space    used 22309K, committed 23040K, reserved 1048576K
}
Event: 136.012 GC heap before
{Heap before GC invocations=99 (full 0):
 garbage-first heap   total 1388544K, used 1176496K [0x00000006e0000000, 0x0000000800000000)
  region size 4096K, 113 young (462848K), 4 survivors (16384K)
 Metaspace       used 171123K, committed 172800K, reserved 1245184K
  class space    used 22312K, committed 23040K, reserved 1048576K
}
Event: 136.024 GC heap after
{Heap after GC invocations=100 (full 0):
 garbage-first heap   total 1388544K, used 732445K [0x00000006e0000000, 0x0000000800000000)
  region size 4096K, 5 young (20480K), 5 survivors (20480K)
 Metaspace       used 171123K, committed 172800K, reserved 1245184K
  class space    used 22312K, committed 23040K, reserved 1048576K
}

Dll operation events (2 events):
Event: 0.004 Loaded shared library C:\Program Files\Android\Android Studio\jbr\bin\java.dll
Event: 0.243 Loaded shared library C:\Program Files\Android\Android Studio\jbr\bin\verify.dll

Deoptimization events (20 events):
Event: 136.071 Thread 0x00000294a878c3d0 Uncommon trap: trap_request=0xffffff45 fr.pc=0x000002948940e1dc relative=0x000000000000029c
Event: 136.071 Thread 0x00000294a878c3d0 Uncommon trap: reason=unstable_if action=reinterpret pc=0x000002948940e1dc method=com.android.tools.r8.graph.o0.a(Lcom/android/tools/r8/internal/Sg;)Z @ 30 c2
Event: 136.071 Thread 0x00000294a878c3d0 DEOPT PACKING pc=0x000002948940e1dc sp=0x000000d12ecfe1b0
Event: 136.071 Thread 0x00000294a878c3d0 DEOPT UNPACKING pc=0x00000294875869a3 sp=0x000000d12ecfe078 mode 2
Event: 136.116 Thread 0x00000294a878e230 DEOPT PACKING pc=0x0000029483c83b92 sp=0x000000d12edfdf60
Event: 136.117 Thread 0x00000294a878e230 DEOPT UNPACKING pc=0x0000029487587143 sp=0x000000d12edfd7b0 mode 0
Event: 136.188 Thread 0x00000294a8790ab0 DEOPT PACKING pc=0x0000029483c83b92 sp=0x000000d12eefde90
Event: 136.188 Thread 0x00000294a8790ab0 DEOPT UNPACKING pc=0x0000029487587143 sp=0x000000d12eefd6e0 mode 0
Event: 136.375 Thread 0x00000294a878e230 DEOPT PACKING pc=0x0000029483565d15 sp=0x000000d12edfe1b0
Event: 136.375 Thread 0x00000294a878e230 DEOPT UNPACKING pc=0x0000029487587143 sp=0x000000d12edfd6b0 mode 0
Event: 136.416 Thread 0x00000294a878c3d0 Uncommon trap: trap_request=0xffffff45 fr.pc=0x0000029487ff8484 relative=0x00000000000001e4
Event: 136.416 Thread 0x00000294a878c3d0 Uncommon trap: reason=unstable_if action=reinterpret pc=0x0000029487ff8484 method=com.android.tools.r8.graph.o0.a(Lcom/android/tools/r8/internal/Sg;)Z @ 30 c2
Event: 136.416 Thread 0x00000294a878c3d0 DEOPT PACKING pc=0x0000029487ff8484 sp=0x000000d12ecfe140
Event: 136.416 Thread 0x00000294a878c3d0 DEOPT UNPACKING pc=0x00000294875869a3 sp=0x000000d12ecfe078 mode 2
Event: 136.418 Thread 0x00000294a8790ab0 DEOPT PACKING pc=0x0000029483431c3d sp=0x000000d12eefdb60
Event: 136.418 Thread 0x00000294a8790ab0 DEOPT UNPACKING pc=0x0000029487587143 sp=0x000000d12eefd0c0 mode 0
Event: 136.501 Thread 0x00000294a8790fc0 DEOPT PACKING pc=0x0000029481155c67 sp=0x000000d12effdcb0
Event: 136.501 Thread 0x00000294a8790fc0 DEOPT UNPACKING pc=0x0000029487587143 sp=0x000000d12effd1c8 mode 0
Event: 136.504 Thread 0x00000294a878c3d0 DEOPT PACKING pc=0x0000029480462721 sp=0x000000d12ecfe020
Event: 136.504 Thread 0x00000294a878c3d0 DEOPT UNPACKING pc=0x0000029487587143 sp=0x000000d12ecfd4d8 mode 0

Classes unloaded (20 events):
Event: 136.617 Thread 0x00000294ff31ebe0 Unloading class 0x0000000801595400 'java/lang/invoke/LambdaForm$DMH+0x0000000801595400'
Event: 136.617 Thread 0x00000294ff31ebe0 Unloading class 0x0000000801594800 'java/lang/invoke/LambdaForm$DMH+0x0000000801594800'
Event: 136.617 Thread 0x00000294ff31ebe0 Unloading class 0x0000000801594400 'java/lang/invoke/LambdaForm$DMH+0x0000000801594400'
Event: 136.617 Thread 0x00000294ff31ebe0 Unloading class 0x0000000801594c00 'java/lang/invoke/LambdaForm$DMH+0x0000000801594c00'
Event: 136.617 Thread 0x00000294ff31ebe0 Unloading class 0x000000080158b800 'java/lang/invoke/LambdaForm$MH+0x000000080158b800'
Event: 136.617 Thread 0x00000294ff31ebe0 Unloading class 0x000000080158b400 'java/lang/invoke/LambdaForm$MH+0x000000080158b400'
Event: 136.617 Thread 0x00000294ff31ebe0 Unloading class 0x000000080158b000 'java/lang/invoke/LambdaForm$MH+0x000000080158b000'
Event: 136.617 Thread 0x00000294ff31ebe0 Unloading class 0x000000080158a000 'java/lang/invoke/LambdaForm$DMH+0x000000080158a000'
Event: 136.617 Thread 0x00000294ff31ebe0 Unloading class 0x000000080158a400 'java/lang/invoke/LambdaForm$DMH+0x000000080158a400'
Event: 136.617 Thread 0x00000294ff31ebe0 Unloading class 0x000000080158a800 'java/lang/invoke/LambdaForm$DMH+0x000000080158a800'
Event: 136.617 Thread 0x00000294ff31ebe0 Unloading class 0x0000000801589400 'java/lang/invoke/LambdaForm$DMH+0x0000000801589400'
Event: 136.617 Thread 0x00000294ff31ebe0 Unloading class 0x0000000801588c00 'java/lang/invoke/LambdaForm$DMH+0x0000000801588c00'
Event: 136.617 Thread 0x00000294ff31ebe0 Unloading class 0x0000000801589000 'java/lang/invoke/LambdaForm$DMH+0x0000000801589000'
Event: 136.617 Thread 0x00000294ff31ebe0 Unloading class 0x0000000801588400 'java/lang/invoke/LambdaForm$MH+0x0000000801588400'
Event: 136.617 Thread 0x00000294ff31ebe0 Unloading class 0x0000000801585c00 'java/lang/invoke/LambdaForm$DMH+0x0000000801585c00'
Event: 136.617 Thread 0x00000294ff31ebe0 Unloading class 0x0000000801585800 'java/lang/invoke/LambdaForm$DMH+0x0000000801585800'
Event: 136.617 Thread 0x00000294ff31ebe0 Unloading class 0x0000000801585400 'java/lang/invoke/LambdaForm$DMH+0x0000000801585400'
Event: 136.617 Thread 0x00000294ff31ebe0 Unloading class 0x0000000801584c00 'java/lang/invoke/LambdaForm$DMH+0x0000000801584c00'
Event: 136.617 Thread 0x00000294ff31ebe0 Unloading class 0x0000000801584400 'java/lang/invoke/LambdaForm$DMH+0x0000000801584400'
Event: 136.617 Thread 0x00000294ff31ebe0 Unloading class 0x0000000801584000 'java/lang/invoke/LambdaForm$DMH+0x0000000801584000'

Classes redefined (0 events):
No events

Internal exceptions (20 events):
Event: 130.606 Thread 0x00000294a0737400 Implicit null exception at 0x000002948919d10f to 0x000002948919d3b0
Event: 130.606 Thread 0x00000294a0737400 Implicit null exception at 0x0000029488f03b7e to 0x0000029488f03d64
Event: 131.374 Thread 0x00000294a8790fc0 Exception <a 'java/lang/IncompatibleClassChangeError'{0x000000072de00ea0}: Found class java.lang.Object, but interface was expected> (0x000000072de00ea0) 
thrown [s\src\hotspot\share\interpreter\linkResolver.cpp, line 838]
Event: 131.988 Thread 0x00000294a878e230 Exception <a 'java/lang/IncompatibleClassChangeError'{0x000000072455d088}: Found class java.lang.Object, but interface was expected> (0x000000072455d088) 
thrown [s\src\hotspot\share\interpreter\linkResolver.cpp, line 838]
Event: 131.988 Thread 0x00000294a8790fc0 Exception <a 'java/lang/IncompatibleClassChangeError'{0x00000007245c59b8}: Found class java.lang.Object, but interface was expected> (0x00000007245c59b8) 
thrown [s\src\hotspot\share\interpreter\linkResolver.cpp, line 838]
Event: 132.233 Thread 0x00000294a0737400 Exception <a 'java/lang/IncompatibleClassChangeError'{0x000000071e17ea40}: Found class java.lang.Object, but interface was expected> (0x000000071e17ea40) 
thrown [s\src\hotspot\share\interpreter\linkResolver.cpp, line 838]
Event: 132.345 Thread 0x00000294a8790ab0 Exception <a 'java/lang/NoSuchMethodError'{0x000000071c413b40}: 'java.lang.Object java.lang.invoke.DirectMethodHandle$Holder.invokeSpecial(java.lang.Object, java.lang.Object, int, java.lang.Object, java.lang.Object)'> (0x000000071c413b40) 
thrown [s\src\hotspot\share\interpreter\linkResolver.cpp, line 771]
Event: 132.345 Thread 0x00000294a8790fc0 Exception <a 'java/lang/NoSuchMethodError'{0x00000007247bee40}: 'java.lang.Object java.lang.invoke.DirectMethodHandle$Holder.invokeSpecial(java.lang.Object, java.lang.Object, int, java.lang.Object, java.lang.Object)'> (0x00000007247bee40) 
thrown [s\src\hotspot\share\interpreter\linkResolver.cpp, line 771]
Event: 132.345 Thread 0x00000294a878e230 Exception <a 'java/lang/NoSuchMethodError'{0x00000007245786f0}: 'java.lang.Object java.lang.invoke.DirectMethodHandle$Holder.invokeSpecial(java.lang.Object, java.lang.Object, int, java.lang.Object, java.lang.Object)'> (0x00000007245786f0) 
thrown [s\src\hotspot\share\interpreter\linkResolver.cpp, line 771]
Event: 132.345 Thread 0x00000294a878c3d0 Exception <a 'java/lang/NoSuchMethodError'{0x000000071c47cdc0}: 'java.lang.Object java.lang.invoke.DirectMethodHandle$Holder.invokeSpecial(java.lang.Object, java.lang.Object, int, java.lang.Object, java.lang.Object)'> (0x000000071c47cdc0) 
thrown [s\src\hotspot\share\interpreter\linkResolver.cpp, line 771]
Event: 133.429 Thread 0x00000294a8790fc0 Exception <a 'java/lang/NoSuchMethodError'{0x000000072f19aa78}: 'void java.lang.invoke.DirectMethodHandle$Holder.invokeStatic(java.lang.Object, java.lang.Object, java.lang.Object, java.lang.Object, java.lang.Object, java.lang.Object, java.lang.Object, java.lang.Object)'> (0x000000072f19aa78) 
thrown [s\src\hotspot\share\interpreter\linkResolver.cpp, line 771]
Event: 133.458 Thread 0x00000294a8790fc0 Implicit null exception at 0x000002948932f19f to 0x000002948932f884
Event: 133.458 Thread 0x00000294a8790ab0 Implicit null exception at 0x000002948932f19f to 0x000002948932f884
Event: 133.460 Thread 0x00000294a878e230 Exception <a 'java/lang/NoSuchMethodError'{0x0000000729ec4db0}: 'int java.lang.invoke.DirectMethodHandle$Holder.invokeSpecial(java.lang.Object, java.lang.Object, java.lang.Object, int)'> (0x0000000729ec4db0) 
thrown [s\src\hotspot\share\interpreter\linkResolver.cpp, line 771]
Event: 133.460 Thread 0x00000294a8790fc0 Exception <a 'java/lang/NoSuchMethodError'{0x000000072f266568}: 'int java.lang.invoke.DirectMethodHandle$Holder.invokeSpecial(java.lang.Object, java.lang.Object, java.lang.Object, int)'> (0x000000072f266568) 
thrown [s\src\hotspot\share\interpreter\linkResolver.cpp, line 771]
Event: 133.460 Thread 0x00000294a878c3d0 Exception <a 'java/lang/NoSuchMethodError'{0x0000000729973958}: 'int java.lang.invoke.DirectMethodHandle$Holder.invokeSpecial(java.lang.Object, java.lang.Object, java.lang.Object, int)'> (0x0000000729973958) 
thrown [s\src\hotspot\share\interpreter\linkResolver.cpp, line 771]
Event: 133.460 Thread 0x00000294a8790ab0 Exception <a 'java/lang/NoSuchMethodError'{0x000000072983f9f8}: 'int java.lang.invoke.DirectMethodHandle$Holder.invokeSpecial(java.lang.Object, java.lang.Object, java.lang.Object, int)'> (0x000000072983f9f8) 
thrown [s\src\hotspot\share\interpreter\linkResolver.cpp, line 771]
Event: 133.746 Thread 0x00000294a8790fc0 Exception <a 'java/lang/NoSuchMethodError'{0x0000000725b21978}: 'java.lang.Object java.lang.invoke.DirectMethodHandle$Holder.invokeStatic(java.lang.Object, java.lang.Object, java.lang.Object, long)'> (0x0000000725b21978) 
thrown [s\src\hotspot\share\interpreter\linkResolver.cpp, line 771]
Event: 134.416 Thread 0x00000294a8790fc0 Exception <a 'java/lang/NoSuchMethodError'{0x0000000733828b40}: 'java.lang.Object java.lang.invoke.DirectMethodHandle$Holder.invokeInterface(java.lang.Object, java.lang.Object, java.lang.Object, java.lang.Object)'> (0x0000000733828b40) 
thrown [s\src\hotspot\share\interpreter\linkResolver.cpp, line 771]
Event: 134.416 Thread 0x00000294a8790fc0 Exception <a 'java/lang/IncompatibleClassChangeError'{0x000000073382c2d0}: Found class java.lang.Object, but interface was expected> (0x000000073382c2d0) 
thrown [s\src\hotspot\share\interpreter\linkResolver.cpp, line 838]

VM Operations (20 events):
Event: 134.765 Executing VM operation: ICBufferFull done
Event: 134.907 Executing VM operation: ICBufferFull
Event: 134.908 Executing VM operation: ICBufferFull done
Event: 135.134 Executing VM operation: ICBufferFull
Event: 135.136 Executing VM operation: ICBufferFull done
Event: 135.364 Executing VM operation: ICBufferFull
Event: 135.365 Executing VM operation: ICBufferFull done
Event: 135.370 Executing VM operation: G1CollectForAllocation
Event: 135.381 Executing VM operation: G1CollectForAllocation done
Event: 135.606 Executing VM operation: ICBufferFull
Event: 135.607 Executing VM operation: ICBufferFull done
Event: 135.972 Executing VM operation: ICBufferFull
Event: 135.972 Executing VM operation: ICBufferFull done
Event: 136.012 Executing VM operation: G1CollectForAllocation
Event: 136.030 Executing VM operation: G1CollectForAllocation done
Event: 136.162 Executing VM operation: HandshakeAllThreads
Event: 136.178 Executing VM operation: HandshakeAllThreads done
Event: 136.397 Executing VM operation: ICBufferFull
Event: 136.398 Executing VM operation: ICBufferFull done
Event: 136.616 Executing VM operation: G1PauseRemark

Events (20 events):
Event: 134.406 Thread 0x00000294958a1e80 flushing nmethod 0x000002948391a890
Event: 134.406 Thread 0x00000294958a1e80 flushing nmethod 0x000002948391d010
Event: 134.406 Thread 0x00000294958a1e80 flushing nmethod 0x0000029483934810
Event: 134.408 Thread 0x00000294958a1e80 flushing nmethod 0x0000029483973e10
Event: 134.408 Thread 0x00000294958a1e80 flushing nmethod 0x0000029483991a90
Event: 134.408 Thread 0x00000294958a1e80 flushing nmethod 0x000002948399ad90
Event: 134.408 Thread 0x00000294958a1e80 flushing nmethod 0x0000029483a69690
Event: 136.189 Thread 0x00000294958a1e80 flushing nmethod 0x0000029489693a90
Event: 136.209 Thread 0x00000294958a1e80 flushing nmethod 0x0000029481a32910
Event: 136.216 Thread 0x00000294958a1e80 flushing nmethod 0x000002948241ad10
Event: 136.222 Thread 0x00000294958a1e80 flushing nmethod 0x0000029482d31b90
Event: 136.225 Thread 0x00000294958a1e80 flushing nmethod 0x000002948323a490
Event: 136.227 Thread 0x00000294958a1e80 flushing nmethod 0x00000294834eaa90
Event: 136.227 Thread 0x00000294958a1e80 flushing nmethod 0x000002948356b610
Event: 136.229 Thread 0x00000294958a1e80 flushing nmethod 0x0000029483880090
Event: 136.230 Thread 0x00000294958a1e80 flushing nmethod 0x00000294838b7210
Event: 136.230 Thread 0x00000294958a1e80 flushing nmethod 0x00000294838b9010
Event: 136.230 Thread 0x00000294958a1e80 flushing nmethod 0x0000029483922010
Event: 136.230 Thread 0x00000294958a1e80 flushing nmethod 0x0000029483958710
Event: 136.230 Thread 0x00000294958a1e80 flushing nmethod 0x000002948396ac10


Dynamic libraries:
0x00007ff64eb60000 - 0x00007ff64eb6a000 	C:\Program Files\Android\Android Studio\jbr\bin\java.exe
0x00007ffe09db0000 - 0x00007ffe09fc7000 	C:\WINDOWS\SYSTEM32\ntdll.dll
0x00007ffe090b0000 - 0x00007ffe09174000 	C:\WINDOWS\System32\KERNEL32.DLL
0x00007ffe07090000 - 0x00007ffe0744a000 	C:\WINDOWS\System32\KERNELBASE.dll
0x00007ffe079a0000 - 0x00007ffe07ab1000 	C:\WINDOWS\System32\ucrtbase.dll
0x00007ffdfc540000 - 0x00007ffdfc557000 	C:\Program Files\Android\Android Studio\jbr\bin\jli.dll
0x00007ffdf6c40000 - 0x00007ffdf6c5b000 	C:\Program Files\Android\Android Studio\jbr\bin\VCRUNTIME140.dll
0x00007ffe09650000 - 0x00007ffe097fe000 	C:\WINDOWS\System32\USER32.dll
0x00007ffe07450000 - 0x00007ffe07476000 	C:\WINDOWS\System32\win32u.dll
0x00007ffe08ec0000 - 0x00007ffe08ee9000 	C:\WINDOWS\System32\GDI32.dll
0x00007ffe07850000 - 0x00007ffe0796b000 	C:\WINDOWS\System32\gdi32full.dll
0x00007ffdc7dc0000 - 0x00007ffdc8052000 	C:\WINDOWS\WinSxS\amd64_microsoft.windows.common-controls_6595b64144ccf1df_6.0.22621.4541_none_2710d1c57384c085\COMCTL32.dll
0x00007ffe077b0000 - 0x00007ffe0784a000 	C:\WINDOWS\System32\msvcp_win.dll
0x00007ffe08f70000 - 0x00007ffe09017000 	C:\WINDOWS\System32\msvcrt.dll
0x00007ffe09070000 - 0x00007ffe090a1000 	C:\WINDOWS\System32\IMM32.DLL
0x00007ffdfc570000 - 0x00007ffdfc57c000 	C:\Program Files\Android\Android Studio\jbr\bin\vcruntime140_1.dll
0x00007ffdf5f00000 - 0x00007ffdf5f8d000 	C:\Program Files\Android\Android Studio\jbr\bin\msvcp140.dll
0x00007ffde5060000 - 0x00007ffde5ce3000 	C:\Program Files\Android\Android Studio\jbr\bin\server\jvm.dll
0x00007ffe07b70000 - 0x00007ffe07c22000 	C:\WINDOWS\System32\ADVAPI32.dll
0x00007ffe08980000 - 0x00007ffe08a27000 	C:\WINDOWS\System32\sechost.dll
0x00007ffe07970000 - 0x00007ffe07998000 	C:\WINDOWS\System32\bcrypt.dll
0x00007ffe09190000 - 0x00007ffe092a4000 	C:\WINDOWS\System32\RPCRT4.dll
0x00007ffde2830000 - 0x00007ffde2839000 	C:\WINDOWS\SYSTEM32\WSOCK32.dll
0x00007ffe07fa0000 - 0x00007ffe08011000 	C:\WINDOWS\System32\WS2_32.dll
0x00007ffe06f60000 - 0x00007ffe06fad000 	C:\WINDOWS\SYSTEM32\POWRPROF.dll
0x00007ffdfc400000 - 0x00007ffdfc434000 	C:\WINDOWS\SYSTEM32\WINMM.dll
0x00007ffdfa470000 - 0x00007ffdfa47a000 	C:\WINDOWS\SYSTEM32\VERSION.dll
0x00007ffe06f40000 - 0x00007ffe06f53000 	C:\WINDOWS\SYSTEM32\UMPDC.dll
0x00007ffe060d0000 - 0x00007ffe060e8000 	C:\WINDOWS\SYSTEM32\kernel.appcore.dll
0x00007ffdfbb90000 - 0x00007ffdfbb9a000 	C:\Program Files\Android\Android Studio\jbr\bin\jimage.dll
0x00007ffe048a0000 - 0x00007ffe04ad2000 	C:\WINDOWS\SYSTEM32\DBGHELP.DLL
0x00007ffe08a30000 - 0x00007ffe08dbf000 	C:\WINDOWS\System32\combase.dll
0x00007ffe07ea0000 - 0x00007ffe07f77000 	C:\WINDOWS\System32\OLEAUT32.dll
0x00007ffdf87d0000 - 0x00007ffdf8802000 	C:\WINDOWS\SYSTEM32\dbgcore.DLL
0x00007ffe07730000 - 0x00007ffe077ab000 	C:\WINDOWS\System32\bcryptPrimitives.dll
0x00007ffdf6b60000 - 0x00007ffdf6b85000 	C:\Program Files\Android\Android Studio\jbr\bin\java.dll
0x00007ffdf6be0000 - 0x00007ffdf6bf8000 	C:\Program Files\Android\Android Studio\jbr\bin\zip.dll
0x00007ffe08020000 - 0x00007ffe08898000 	C:\WINDOWS\System32\SHELL32.dll
0x00007ffe04ef0000 - 0x00007ffe057f8000 	C:\WINDOWS\SYSTEM32\windows.storage.dll
0x00007ffe04cb0000 - 0x00007ffe04def000 	C:\WINDOWS\SYSTEM32\wintypes.dll
0x00007ffe07da0000 - 0x00007ffe07e9a000 	C:\WINDOWS\System32\SHCORE.dll
0x00007ffe08ef0000 - 0x00007ffe08f4e000 	C:\WINDOWS\System32\shlwapi.dll
0x00007ffe06fc0000 - 0x00007ffe06feb000 	C:\WINDOWS\SYSTEM32\profapi.dll
0x00007ffdf6b40000 - 0x00007ffdf6b59000 	C:\Program Files\Android\Android Studio\jbr\bin\net.dll
0x00007ffe02620000 - 0x00007ffe02756000 	C:\WINDOWS\SYSTEM32\WINHTTP.dll
0x00007ffe06550000 - 0x00007ffe065b9000 	C:\WINDOWS\system32\mswsock.dll
0x00007ffdf6b20000 - 0x00007ffdf6b36000 	C:\Program Files\Android\Android Studio\jbr\bin\nio.dll
0x00007ffdf9240000 - 0x00007ffdf9250000 	C:\Program Files\Android\Android Studio\jbr\bin\verify.dll
0x00007ffdf5bd0000 - 0x00007ffdf5bf7000 	C:\Users\skvorcov.v\.gradle\native\e1d6ef7f7dcc3fd88c89a11ec53ec762bb8ba0a96d01ffa2cd45eb1d1d8dd5c5\windows-amd64\native-platform.dll
0x00007ffdf29d0000 - 0x00007ffdf2b14000 	C:\Users\skvorcov.v\.gradle\native\0d407fdbe67a94daf76414ababcb853783967236a71b16ec16e742cd7a986fd3\windows-amd64\native-platform-file-events.dll
0x00007ffdf91c0000 - 0x00007ffdf91c9000 	C:\Program Files\Android\Android Studio\jbr\bin\management.dll
0x00007ffdf6c30000 - 0x00007ffdf6c3b000 	C:\Program Files\Android\Android Studio\jbr\bin\management_ext.dll
0x00007ffe09180000 - 0x00007ffe09188000 	C:\WINDOWS\System32\PSAPI.DLL
0x00007ffe067a0000 - 0x00007ffe067bb000 	C:\WINDOWS\SYSTEM32\CRYPTSP.dll
0x00007ffe06030000 - 0x00007ffe06065000 	C:\WINDOWS\system32\rsaenh.dll
0x00007ffe06640000 - 0x00007ffe06668000 	C:\WINDOWS\SYSTEM32\USERENV.dll
0x00007ffe067c0000 - 0x00007ffe067cc000 	C:\WINDOWS\SYSTEM32\CRYPTBASE.dll
0x00007ffe05950000 - 0x00007ffe0597d000 	C:\WINDOWS\SYSTEM32\IPHLPAPI.DLL
0x00007ffe09490000 - 0x00007ffe09499000 	C:\WINDOWS\System32\NSI.dll
0x00007ffe02830000 - 0x00007ffe02849000 	C:\WINDOWS\SYSTEM32\dhcpcsvc6.DLL
0x00007ffe02810000 - 0x00007ffe0282f000 	C:\WINDOWS\SYSTEM32\dhcpcsvc.DLL
0x00007ffe05980000 - 0x00007ffe05a82000 	C:\WINDOWS\SYSTEM32\DNSAPI.dll
0x00007ffdf6ae0000 - 0x00007ffdf6ae9000 	C:\Program Files\Android\Android Studio\jbr\bin\extnet.dll
0x00007ffded710000 - 0x00007ffded718000 	C:\WINDOWS\system32\wshunix.dll
0x00007ffdff000000 - 0x00007ffdff00a000 	C:\Windows\System32\rasadhlp.dll
0x00007ffe02980000 - 0x00007ffe02a03000 	C:\WINDOWS\System32\fwpuclnt.dll
0x00007ffdc8510000 - 0x00007ffdc8527000 	C:\WINDOWS\system32\napinsp.dll
0x00007ffdc9940000 - 0x00007ffdc995b000 	C:\WINDOWS\system32\pnrpnsp.dll
0x00007ffdd53f0000 - 0x00007ffdd5401000 	C:\WINDOWS\System32\winrnr.dll
0x00007ffdfbc90000 - 0x00007ffdfbca5000 	C:\WINDOWS\system32\wshbth.dll
0x00007ffdc95c0000 - 0x00007ffdc95e7000 	C:\WINDOWS\system32\nlansp_c.dll
0x00007ffe061e0000 - 0x00007ffe06214000 	C:\WINDOWS\SYSTEM32\ntmarta.dll
0x00007ffdf5e60000 - 0x00007ffdf5e7e000 	C:\Users\skvorcov.v\AppData\Local\Temp\native-platform7777434913281425783dir\native-platform.dll
0x00007ffdf6ad0000 - 0x00007ffdf6ad7000 	C:\Program Files\Android\Android Studio\jbr\bin\rmi.dll

dbghelp: loaded successfully - version: 4.0.5 - missing functions: none
symbol engine: initialized successfully - sym options: 0x614 - pdb path: .;C:\Program Files\Android\Android Studio\jbr\bin;C:\WINDOWS\SYSTEM32;C:\WINDOWS\WinSxS\amd64_microsoft.windows.common-controls_6595b64144ccf1df_6.0.22621.4541_none_2710d1c57384c085;C:\Program Files\Android\Android Studio\jbr\bin\server;C:\Users\skvorcov.v\.gradle\native\e1d6ef7f7dcc3fd88c89a11ec53ec762bb8ba0a96d01ffa2cd45eb1d1d8dd5c5\windows-amd64;C:\Users\skvorcov.v\.gradle\native\0d407fdbe67a94daf76414ababcb853783967236a71b16ec16e742cd7a986fd3\windows-amd64;C:\Users\skvorcov.v\AppData\Local\Temp\native-platform7777434913281425783dir

VM Arguments:
jvm_args: --add-opens=java.base/java.util=ALL-UNNAMED --add-opens=java.base/java.lang=ALL-UNNAMED --add-opens=java.base/java.lang.invoke=ALL-UNNAMED --add-opens=java.base/java.util=ALL-UNNAMED --add-opens=java.prefs/java.util.prefs=ALL-UNNAMED --add-opens=java.prefs/java.util.prefs=ALL-UNNAMED --add-opens=java.base/java.nio.charset=ALL-UNNAMED --add-opens=java.base/java.net=ALL-UNNAMED --add-opens=java.base/java.util.concurrent.atomic=ALL-UNNAMED -Xmx4608m -Dfile.encoding=windows-1251 -Duser.country=RU -Duser.language=ru -Duser.variant 
java_command: org.gradle.launcher.daemon.bootstrap.GradleDaemon 7.5
java_class_path (initial): C:\Users\skvorcov.v\.gradle\wrapper\dists\gradle-7.5-all\6qsw290k5lz422uaf8jf6m7co\gradle-7.5\lib\gradle-launcher-7.5.jar
Launcher Type: SUN_STANDARD

[Global flags]
     intx CICompilerCount                          = 4                                         {product} {ergonomic}
     uint ConcGCThreads                            = 2                                         {product} {ergonomic}
     uint G1ConcRefinementThreads                  = 8                                         {product} {ergonomic}
   size_t G1HeapRegionSize                         = 4194304                                   {product} {ergonomic}
    uintx GCDrainStackTargetSize                   = 64                                        {product} {ergonomic}
   size_t InitialHeapSize                          = 264241152                                 {product} {ergonomic}
   size_t MarkStackSize                            = 4194304                                   {product} {ergonomic}
   size_t MaxHeapSize                              = 4831838208                                {product} {command line}
   size_t MaxNewSize                               = 2898264064                                {product} {ergonomic}
   size_t MinHeapDeltaBytes                        = 4194304                                   {product} {ergonomic}
   size_t MinHeapSize                              = 8388608                                   {product} {ergonomic}
    uintx NonNMethodCodeHeapSize                   = 5839372                                {pd product} {ergonomic}
    uintx NonProfiledCodeHeapSize                  = 122909434                              {pd product} {ergonomic}
    uintx ProfiledCodeHeapSize                     = 122909434                              {pd product} {ergonomic}
    uintx ReservedCodeCacheSize                    = 251658240                              {pd product} {ergonomic}
     bool SegmentedCodeCache                       = true                                      {product} {ergonomic}
   size_t SoftMaxHeapSize                          = 4831838208                             {manageable} {ergonomic}
     bool UseCompressedClassPointers               = true                           {product lp64_product} {ergonomic}
     bool UseCompressedOops                        = true                           {product lp64_product} {ergonomic}
     bool UseG1GC                                  = true                                      {product} {ergonomic}
     bool UseLargePagesIndividualAllocation        = false                                  {pd product} {ergonomic}

Logging:
Log output configuration:
 #0: stdout all=warning uptime,level,tags
 #1: stderr all=off uptime,level,tags

Environment Variables:
JAVA_HOME=C:\Program Files\Android\Android Studio\jbr
CLASSPATH=D:\Flutter\projects\GitHub\IODesk\android\\gradle\wrapper\gradle-wrapper.jar
PATH=C:\Program Files\Android\Android Studio\jbr\bin;D:\Flutter\flutter\bin\;C:\WINDOWS\system32;C:\WINDOWS;C:\WINDOWS\System32\Wbem;C:\WINDOWS\System32\WindowsPowerShell\v1.0\;C:\WINDOWS\System32\OpenSSH\;C:\Program Files\dotnet\;C:\Program Files (x86)\Windows Kits\10\Windows Performance Toolkit\;C:\Program Files\nodejs\;C:\Program Files\Git\cmd;C:\Users\skvorcov.v\AppData\Local\Microsoft\WindowsApps;C:\Users\skvorcov.v\AppData\Local\Programs\Microsoft VS Code\bin;C:\Users\skvorcov.v\.dotnet\tools;C:\Users\skvorcov.v\AppData\Roaming\npm;C:\Users\skvorcov.v\AppData\Local\GitHubDesktop\bin
USERNAME=skvorcov.v
LANG=ru_RU.UTF-8
OS=Windows_NT
PROCESSOR_IDENTIFIER=Intel64 Family 6 Model 154 Stepping 4, GenuineIntel
TMP=C:\Users\skvorcov.v\AppData\Local\Temp
TEMP=C:\Users\skvorcov.v\AppData\Local\Temp



Periodic native trim disabled

JNI global refs:
JNI global refs: 31, weak refs: 107

JNI global refs memory usage: 843, weak refs: 2105

Process memory usage:
Resident Set Size: 1962204K (11% of 16495096K total physical memory with 1968348K free physical memory)

OOME stack traces (most recent first):
Classloader memory used:
Loader org.gradle.internal.classloader.VisitableURLClassLoader                         : 8216K
Loader org.gradle.internal.classloader.VisitableURLClassLoader                         : 5378K
Loader bootstrap                                                                       : 4122K
Loader org.gradle.initialization.MixInLegacyTypesClassLoader                           : 1686K
Loader jdk.internal.loader.ClassLoaders$AppClassLoader                                 : 1368K
Loader jdk.internal.reflect.DelegatingClassLoader                                      : 274K
Loader org.gradle.groovy.scripts.internal.DefaultScriptCompilationHandler$ScriptClassLoader: 165K
Loader jdk.internal.loader.ClassLoaders$PlatformClassLoader                            : 137K
Loader org.codehaus.groovy.runtime.callsite.CallSiteClassLoader                        : 39735B
Loader sun.reflect.misc.MethodUtil                                                     : 373B

Classes loaded by more than one classloader:
Class Program                                                                         : loaded 6 times (x 70B)
Class org.jetbrains.kotlin.config.MavenComparableVersion$ListItem                     : loaded 2 times (x 178B)
Class org.gradle.internal.installation.GradleInstallation                             : loaded 2 times (x 73B)
Class [Lcom.google.common.collect.MapMakerInternalMap$Segment;                        : loaded 2 times (x 67B)
Class com.google.common.collect.UsingToStringOrdering                                 : loaded 2 times (x 112B)
Class com.google.common.collect.Iterators$MergingIterator                             : loaded 2 times (x 79B)
Class com.google.common.io.Closer$SuppressingSuppressor                               : loaded 2 times (x 72B)
Class net.rubygrapefruit.platform.internal.FunctionResult$Failure                     : loaded 2 times (x 77B)
Class org.objectweb.asm.ModuleVisitor                                                 : loaded 2 times (x 78B)
Class build_doyw5p7rxtlvs9o7viwg7dxvk$_run_closure1$_closure2                         : loaded 2 times (x 134B)
Class com.google.common.io.ByteSource                                                 : loaded 2 times (x 82B)
Class build_doyw5p7rxtlvs9o7viwg7dxvk$_run_closure1$_closure3                         : loaded 2 times (x 134B)
Class [Lcom.google.common.collect.AbstractMapEntry;                                   : loaded 2 times (x 67B)
Class com.google.common.io.AppendableWriter                                           : loaded 2 times (x 98B)
Class com.google.common.collect.ImmutableRangeSet$AsSet                               : loaded 2 times (x 233B)
Class com.google.common.collect.SingletonImmutableList                                : loaded 2 times (x 167B)
Class native_plugin_loader_b0yg2pgs5rp4dvz2pq1v6yu0n$_run_closure1                    : loaded 2 times (x 134B)
Class com.google.common.cache.CacheLoader$SupplierToCacheLoader                       : loaded 2 times (x 73B)
Class org.gradle.internal.classpath.ClassPath                                         : loaded 2 times (x 68B)
Class com.google.common.io.FileWriteMode                                              : loaded 2 times (x 77B)
Class com.google.common.cache.RemovalListener                                         : loaded 2 times (x 68B)
Class org.gradle.api.internal.classpath.DefaultModuleRegistry                         : loaded 2 times (x 84B)
Class com.google.common.collect.FluentIterable$1                                      : loaded 2 times (x 79B)
Class com.google.common.collect.FluentIterable$2                                      : loaded 2 times (x 79B)
Class com.google.common.collect.FluentIterable$3                                      : loaded 2 times (x 79B)
Class com.google.common.collect.ImmutableEnumSet                                      : loaded 2 times (x 146B)
Class [Lcom.google.common.collect.MapMaker$Dummy;                                     : loaded 2 times (x 67B)
Class com.google.common.collect.ListMultimap                                          : loaded 2 times (x 68B)
Class com.google.common.base.CharMatcher$JavaDigit                                    : loaded 2 times (x 109B)
Class com.google.common.base.CharMatcher$Digit                                        : loaded 2 times (x 110B)
Class com.google.common.collect.AbstractMultimap                                      : loaded 2 times (x 121B)
Class com.google.common.collect.ImmutableSortedMap$1EntrySet$1                        : loaded 2 times (x 172B)
Class com.google.common.io.ByteSource$ConcatenatedByteSource                          : loaded 2 times (x 83B)
Class com.google.common.cache.CacheBuilder$OneWeigher                                 : loaded 2 times (x 80B)
Class org.gradle.api.Action                                                           : loaded 2 times (x 68B)
Class com.google.common.collect.ImmutableBiMap$Builder                                : loaded 2 times (x 78B)
Class com.google.common.collect.ImmutableSortedMap$1                                  : loaded 2 times (x 90B)
Class com.google.common.io.ByteSource$SlicedByteSource                                : loaded 2 times (x 83B)
Class com.google.common.io.ByteArrayDataOutput                                        : loaded 2 times (x 68B)
Class com.google.common.collect.ImmutableEntry                                        : loaded 2 times (x 80B)
Class com.google.common.collect.Lists$StringAsImmutableList                           : loaded 2 times (x 167B)
Class com.google.common.cache.LocalCache$StrongEntry                                  : loaded 2 times (x 106B)
Class com.google.common.collect.MapMakerInternalMap$InternalEntryHelper               : loaded 2 times (x 68B)
Class org.objectweb.asm.FieldWriter                                                   : loaded 2 times (x 75B)
Class com.google.common.base.CharMatcher                                              : loaded 2 times (x 109B)
Class com.google.common.io.CharSource$AsByteSource                                    : loaded 2 times (x 83B)
Class com.google.common.base.CharMatcher$IsNot                                        : loaded 2 times (x 109B)
Class com.google.common.collect.RegularImmutableSortedSet                             : loaded 2 times (x 233B)
Class org.jetbrains.kotlin.config.MavenComparableVersion$IntegerItem                  : loaded 2 times (x 78B)
Class com.google.common.collect.Maps$IteratorBasedAbstractMap                         : loaded 2 times (x 123B)
Class net.rubygrapefruit.platform.internal.FunctionResult                             : loaded 2 times (x 75B)
Class com.google.common.collect.SetMultimap                                           : loaded 2 times (x 68B)
Class build_4j6043uyjr9pag8x2nt9fzbns                                                 : loaded 2 times (x 179B)
Class com.google.common.base.Splitter                                                 : loaded 2 times (x 70B)
Class [Lcom.google.common.cache.Weigher;                                              : loaded 2 times (x 67B)
Class net.rubygrapefruit.platform.internal.WrapperProcessLauncher                     : loaded 2 times (x 74B)
Class com.google.common.collect.Iterators$ArrayItr                                    : loaded 2 times (x 95B)
Class com.google.common.collect.MapMakerInternalMap$Strength                          : loaded 2 times (x 78B)
Class com.google.common.cache.LocalCache$Segment                                      : loaded 2 times (x 152B)
Class org.gradle.api.internal.DefaultClassPathProvider                                : loaded 2 times (x 74B)
Class org.gradle.internal.installation.GradleInstallation$1                           : loaded 2 times (x 73B)
Class com.google.common.cache.LocalCache$AbstractReferenceEntry                       : loaded 2 times (x 105B)
Class org.objectweb.asm.Type                                                          : loaded 2 times (x 70B)
Class com.google.common.util.concurrent.AbstractFuture$Failure                        : loaded 2 times (x 70B)
Class com.google.common.base.CharMatcher$BitSetMatcher                                : loaded 2 times (x 110B)
Class com.google.common.collect.ImmutableMap$IteratorBasedImmutableMap                : loaded 2 times (x 123B)
Class com.google.common.reflect.Reflection                                            : loaded 2 times (x 69B)
Class com.google.common.io.Files$FileByteSource                                       : loaded 2 times (x 83B)
Class com.google.common.collect.ImmutableMap                                          : loaded 2 times (x 118B)
Class net.rubygrapefruit.platform.internal.WindowsProcessLauncher                     : loaded 2 times (x 74B)
Class org.jetbrains.kotlin.config.LanguageFeature                                     : loaded 2 times (x 77B)
Class com.google.common.collect.AbstractMapBasedMultimap$Itr                          : loaded 2 times (x 81B)
Class com.google.common.base.Converter                                                : loaded 2 times (x 88B)
Class com.google.common.collect.ImmutableSortedSetFauxverideShim                      : loaded 2 times (x 145B)
Class org.jetbrains.kotlin.config.JvmDefaultMode                                      : loaded 2 times (x 77B)
Class [Lorg.jetbrains.kotlin.config.JvmDefaultMode;                                   : loaded 2 times (x 67B)
Class com.google.common.io.CharSource$ConcatenatedCharSource                          : loaded 2 times (x 84B)
Class com.google.common.base.Equivalence                                              : loaded 2 times (x 80B)
Class com.google.common.cache.LocalCache$EntryFactory$1                               : loaded 2 times (x 81B)
Class com.google.common.primitives.Ints                                               : loaded 2 times (x 69B)
Class com.google.common.cache.LocalCache$EntryFactory$2                               : loaded 2 times (x 81B)
Class com.google.common.cache.LocalCache$EntryFactory$3                               : loaded 2 times (x 81B)
Class com.google.common.cache.LocalCache$EntryFactory$4                               : loaded 2 times (x 81B)
Class com.google.common.cache.LocalCache$EntryFactory$5                               : loaded 2 times (x 81B)
Class com.google.common.cache.LocalCache$EntryFactory$6                               : loaded 2 times (x 81B)
Class com.google.common.reflect.TypeResolver$TypeVariableKey                          : loaded 2 times (x 70B)
Class com.google.common.cache.LocalCache$EntryFactory$7                               : loaded 2 times (x 81B)
Class com.google.common.cache.LocalCache$EntryFactory$8                               : loaded 2 times (x 81B)
Class com.google.common.base.Predicate                                                : loaded 2 times (x 68B)
Class com.google.common.cache.LocalCache$StrongValueReference                         : loaded 2 times (x 88B)
Class org.gradle.internal.classloader.FilteringClassLoader                            : loaded 2 times (x 103B)
Class com.google.common.collect.AbstractMapBasedMultimap$WrappedCollection            : loaded 2 times (x 122B)
Class com.google.common.reflect.TypeResolver$TypeTable                                : loaded 2 times (x 71B)
Class com.google.common.reflect.Invokable$MethodInvokable                             : loaded 2 times (x 120B)
Class com.google.common.collect.RegularImmutableSet                                   : loaded 2 times (x 146B)
Class [Lcom.google.common.cache.LocalCache$Strength;                                  : loaded 2 times (x 67B)
Class org.gradle.internal.classpath.DefaultClassPath$ImmutableUniqueList$Builder      : loaded 2 times (x 73B)
Class com.google.common.collect.AbstractRangeSet                                      : loaded 2 times (x 112B)
Class com.google.common.collect.ExplicitOrdering                                      : loaded 2 times (x 113B)
Class com.google.common.collect.SortedSetMultimap                                     : loaded 2 times (x 68B)
Class com.google.common.collect.Maps$8                                                : loaded 2 times (x 80B)
Class com.google.common.base.PatternCompiler                                          : loaded 2 times (x 68B)
Class [Lcom.google.common.cache.CacheBuilder$NullListener;                            : loaded 2 times (x 67B)
Class com.google.common.io.CharStreams$NullWriter                                     : loaded 2 times (x 97B)
Class com.google.common.base.CharMatcher$InRange                                      : loaded 2 times (x 109B)
Class com.google.common.collect.HashMultimap                                          : loaded 2 times (x 172B)
Class com.google.common.collect.Maps$KeySet                                           : loaded 2 times (x 135B)
Class build_b2a1qrw43qbwu1mgiuz118tpk$_run_closure1                                   : loaded 2 times (x 134B)
Class com.google.common.collect.ImmutableMultimap$EntryCollection                     : loaded 2 times (x 125B)
Class com.google.common.collect.Sets$SetView                                          : loaded 2 times (x 136B)
Class com.google.common.collect.BiMap                                                 : loaded 2 times (x 68B)
Class com.google.common.collect.Lists                                                 : loaded 2 times (x 69B)
Class org.objectweb.asm.AnnotationWriter                                              : loaded 2 times (x 76B)
Class build_3u5qh7pjn0grd8pynlwpm91fn$_run_closure1                                   : loaded 2 times (x 134B)
Class com.google.common.math.IntMath$1                                                : loaded 2 times (x 69B)
Class org.gradle.internal.classloader.ClassLoaderVisitor                              : loaded 2 times (x 74B)
Class [Lcom.google.common.collect.HashBiMap$BiEntry;                                  : loaded 2 times (x 67B)
Class org.objectweb.asm.Label                                                         : loaded 2 times (x 71B)
Class com.google.common.cache.CacheBuilder$NullListener                               : loaded 2 times (x 80B)
Class com.google.common.collect.ImmutableMultimap                                     : loaded 2 times (x 145B)
Class org.apache.commons.io.filefilter.IOFileFilter                                   : loaded 2 times (x 68B)
Class com.google.common.math.MathPreconditions                                        : loaded 2 times (x 69B)
Class com.google.common.io.ByteStreams$1                                              : loaded 2 times (x 83B)
Class org.gradle.internal.service.DefaultServiceLocator                               : loaded 2 times (x 81B)
Class org.gradle.internal.service.UnknownServiceException                             : loaded 2 times (x 81B)
Class com.google.common.util.concurrent.AbstractFuture$SynchronizedHelper             : loaded 2 times (x 74B)
Class com.google.common.collect.ArrayListMultimap                                     : loaded 2 times (x 170B)
Class com.google.common.base.Strings                                                  : loaded 2 times (x 69B)
Class com.google.common.collect.HashMultimapGwtSerializationDependencies              : loaded 2 times (x 172B)
Class com.google.common.io.Closer                                                     : loaded 2 times (x 76B)
Class com.google.common.cache.LocalCache$Values                                       : loaded 2 times (x 116B)
Class com.google.common.cache.CacheLoader$InvalidCacheLoadException                   : loaded 2 times (x 80B)
Class org.gradle.internal.classloader.DefaultClassLoaderFactory                       : loaded 2 times (x 80B)
Class com.google.common.collect.UnmodifiableIterator                                  : loaded 2 times (x 78B)
Class com.google.common.collect.Sets$2$1                                              : loaded 2 times (x 80B)
Class com.google.common.base.Stopwatch                                                : loaded 2 times (x 70B)
Class build_2v2gj3h2ra2y6zxwk55quoon$_run_closure1$_closure3                          : loaded 2 times (x 134B)
Class com.google.common.reflect.Types                                                 : loaded 2 times (x 69B)
Class com.google.common.base.Platform$JdkPatternCompiler                              : loaded 2 times (x 73B)
Class net.rubygrapefruit.platform.ProcessLauncher                                     : loaded 2 times (x 68B)
Class com.google.common.collect.Interners$InternerImpl                                : loaded 2 times (x 73B)
Class com.google.common.cache.LocalCache$LoadingValueReference                        : loaded 2 times (x 94B)
Class org.apache.commons.io.output.ByteArrayOutputStream                              : loaded 2 times (x 90B)
Class com.google.common.base.CharMatcher$SingleWidth                                  : loaded 2 times (x 110B)
Class com.google.common.collect.Hashing                                               : loaded 2 times (x 69B)
Class com.google.common.io.ByteStreams$LimitedInputStream                             : loaded 2 times (x 90B)
Class com.google.common.collect.NullsFirstOrdering                                    : loaded 2 times (x 113B)
Class com.google.common.collect.MapMakerInternalMap$AbstractStrongKeyEntry            : loaded 2 times (x 80B)
Class com.google.common.collect.ImmutableRangeSet$ComplementRanges                    : loaded 2 times (x 167B)
Class org.objectweb.asm.Context                                                       : loaded 2 times (x 70B)
Class [Lcom.google.common.reflect.Types$ClassOwnership;                               : loaded 2 times (x 67B)
Class net.rubygrapefruit.platform.internal.DefaultProcessLauncher                     : loaded 2 times (x 73B)
Class com.google.common.collect.NaturalOrdering                                       : loaded 2 times (x 113B)
Class com.google.common.base.JdkPattern                                               : loaded 2 times (x 73B)
Class com.google.common.base.Optional                                                 : loaded 2 times (x 78B)
Class com.google.common.collect.ByFunctionOrdering                                    : loaded 2 times (x 113B)
Class com.google.common.collect.Multimap                                              : loaded 2 times (x 68B)
Class com.google.common.base.FunctionalEquivalence                                    : loaded 2 times (x 81B)
Class org.jetbrains.kotlin.config.AnalysisFlag                                        : loaded 2 times (x 70B)
Class org.objectweb.asm.AnnotationVisitor                                             : loaded 2 times (x 75B)
Class org.objectweb.asm.RecordComponentWriter                                         : loaded 2 times (x 76B)
Class com.google.common.cache.LocalCache$1                                            : loaded 2 times (x 87B)
Class com.google.common.cache.LocalCache$2                                            : loaded 2 times (x 140B)
Class com.google.common.collect.RegularImmutableBiMap                                 : loaded 2 times (x 147B)
Class org.gradle.internal.classloader.VisitableURLClassLoader$Spec                    : loaded 2 times (x 72B)
Class org.gradle.api.GradleException                                                  : loaded 2 times (x 80B)
Class com.google.common.base.CharMatcher$JavaLetterOrDigit                            : loaded 2 times (x 109B)
Class org.gradle.api.internal.classpath.ModuleRegistry                                : loaded 2 times (x 68B)
Class com.google.common.collect.CompoundOrdering                                      : loaded 2 times (x 113B)
Class com.google.common.reflect.TypeToken$1                                           : loaded 2 times (x 123B)
Class com.google.common.cache.CacheBuilder                                            : loaded 2 times (x 70B)
Class com.google.common.reflect.TypeToken$2                                           : loaded 2 times (x 123B)
Class org.objectweb.asm.ByteVector                                                    : loaded 2 times (x 76B)
Class com.google.common.collect.ImmutableCollection                                   : loaded 2 times (x 123B)
Class com.google.common.collect.ImmutableRangeSet                                     : loaded 2 times (x 113B)
Class com.google.common.base.PairwiseEquivalence                                      : loaded 2 times (x 81B)
Class com.google.common.base.Ticker                                                   : loaded 2 times (x 70B)
Class org.gradle.api.internal.ClassPathProvider                                       : loaded 2 times (x 68B)
Class com.google.common.base.Ascii                                                    : loaded 2 times (x 69B)
Class com.google.common.collect.RegularImmutableMap$Values                            : loaded 2 times (x 167B)
Class native_plugin_loader_b0yg2pgs5rp4dvz2pq1v6yu0n                                  : loaded 2 times (x 175B)
Class org.objectweb.asm.ModuleWriter                                                  : loaded 2 times (x 79B)
Class org.gradle.internal.classloader.ClasspathUtil$1                                 : loaded 2 times (x 74B)
Class com.google.common.io.ByteSource$AsCharSource                                    : loaded 2 times (x 84B)
Class com.google.common.collect.ImmutableEnumMap                                      : loaded 2 times (x 123B)
Class build_ansqmei4x4c5b3pf46plnq5z4$_run_closure1                                   : loaded 2 times (x 134B)
Class com.google.common.collect.ImmutableList$ReverseImmutableList                    : loaded 2 times (x 168B)
Class net.rubygrapefruit.platform.internal.Platform$Posix                             : loaded 2 times (x 79B)
Class [Lorg.jetbrains.kotlin.utils.DescriptionAware;                                  : loaded 2 times (x 67B)
Class [Lorg.jetbrains.kotlin.config.ExplicitApiMode;                                  : loaded 2 times (x 67B)
Class com.google.common.cache.AbstractCache$StatsCounter                              : loaded 2 times (x 68B)
Class org.objectweb.asm.FieldVisitor                                                  : loaded 2 times (x 74B)
Class org.objectweb.asm.Symbol                                                        : loaded 2 times (x 71B)
Class com.google.common.reflect.TypeToken                                             : loaded 2 times (x 71B)
Class com.google.common.collect.Ordering                                              : loaded 2 times (x 112B)
Class com.google.common.cache.LocalCache$Strength$1                                   : loaded 2 times (x 79B)
Class [Lcom.google.common.base.Predicate;                                             : loaded 2 times (x 67B)
Class com.google.common.collect.EmptyImmutableListMultimap                            : loaded 2 times (x 176B)
Class com.google.common.cache.LocalCache$Strength$2                                   : loaded 2 times (x 79B)
Class com.google.common.cache.LocalCache$Strength$3                                   : loaded 2 times (x 79B)
Class org.gradle.internal.classloader.ClassLoaderFactory                              : loaded 2 times (x 68B)
Class com.google.common.collect.ObjectArrays                                          : loaded 2 times (x 69B)
Class com.google.common.base.Absent                                                   : loaded 2 times (x 78B)
Class com.google.common.util.concurrent.AbstractFuture$Waiter                         : loaded 2 times (x 70B)
Class com.google.common.util.concurrent.Uninterruptibles                              : loaded 2 times (x 69B)
Class com.google.common.collect.Iterators$10                                          : loaded 2 times (x 79B)
Class com.google.common.collect.Iterators$EmptyModifiableIterator                     : loaded 2 times (x 84B)
Class com.google.common.collect.ImmutableList                                         : loaded 2 times (x 166B)
Class org.gradle.api.internal.classpath.ManifestUtil                                  : loaded 2 times (x 69B)
Class org.gradle.api.specs.Spec                                                       : loaded 2 times (x 68B)
Class com.google.common.collect.RangeSet                                              : loaded 2 times (x 68B)
Class com.google.common.cache.CacheLoader$UnsupportedLoadingOperationException        : loaded 2 times (x 80B)
Class com.google.common.base.CharMatcher$Whitespace                                   : loaded 2 times (x 110B)
Class com.google.common.util.concurrent.ListenableFuture                              : loaded 2 times (x 68B)
Class com.google.common.collect.MapMaker$Dummy                                        : loaded 2 times (x 77B)
Class build_4j6043uyjr9pag8x2nt9fzbns$_run_closure1                                   : loaded 2 times (x 134B)
Class com.google.common.collect.Iterators$1                                           : loaded 2 times (x 79B)
Class com.google.common.collect.BaseImmutableMultimap                                 : loaded 2 times (x 121B)
Class com.google.common.collect.Iterators$4                                           : loaded 2 times (x 80B)
Class com.google.common.collect.Iterators$5                                           : loaded 2 times (x 80B)
Class com.google.common.util.concurrent.AbstractFuture$UnsafeAtomicHelper             : loaded 2 times (x 74B)
Class com.google.common.base.Joiner                                                   : loaded 2 times (x 77B)
Class com.google.common.base.Equivalence$Equals                                       : loaded 2 times (x 80B)
Class com.google.common.base.Preconditions                                            : loaded 2 times (x 69B)
Class com.google.common.base.Function                                                 : loaded 2 times (x 68B)
Class com.google.common.collect.Iterators$9                                           : loaded 2 times (x 79B)
Class [Lnet.rubygrapefruit.platform.internal.FunctionResult$Failure;                  : loaded 2 times (x 67B)
Class net.rubygrapefruit.platform.internal.Platform$Windows                           : loaded 2 times (x 77B)
Class org.gradle.internal.IoActions                                                   : loaded 2 times (x 69B)
Class com.google.common.collect.MapMakerInternalMap$StrongKeyDummyValueEntry$Helper   : loaded 2 times (x 77B)
Class com.google.common.collect.AllEqualOrdering                                      : loaded 2 times (x 112B)
Class com.google.common.collect.ComparatorOrdering                                    : loaded 2 times (x 113B)
Class org.jetbrains.kotlin.config.LanguageFeature$State                               : loaded 2 times (x 80B)
Class build_1p2yb1o645n6h2egz0jhctyjf                                                 : loaded 2 times (x 178B)
Class com.google.common.cache.ReferenceEntry                                          : loaded 2 times (x 68B)
Class com.google.common.collect.RegularImmutableMap$KeySet                            : loaded 2 times (x 148B)
Class com.google.common.collect.CollectPreconditions                                  : loaded 2 times (x 69B)
Class com.google.common.primitives.IntsMethodsForWeb                                  : loaded 2 times (x 69B)
Class com.google.common.collect.LexicographicalOrdering                               : loaded 2 times (x 113B)
Class com.google.common.collect.ImmutableSortedMap$Builder                            : loaded 2 times (x 86B)
Class com.google.common.collect.RangeGwtSerializationDependencies                     : loaded 2 times (x 69B)
Class com.google.common.collect.Maps                                                  : loaded 2 times (x 69B)
Class com.google.common.collect.RegularImmutableMap                                   : loaded 2 times (x 119B)
Class build_doyw5p7rxtlvs9o7viwg7dxvk                                                 : loaded 2 times (x 179B)
Class build_82vss1sflvje4wfpxr1kw5wfb$_run_closure1                                   : loaded 2 times (x 134B)
Class com.google.common.collect.AbstractIndexedListIterator                           : loaded 2 times (x 94B)
Class com.google.common.collect.ImmutableMultimap$Builder                             : loaded 2 times (x 81B)
Class net.rubygrapefruit.platform.internal.NativeLibraryLocator                       : loaded 2 times (x 71B)
Class com.google.common.base.CharMatcher$None                                         : loaded 2 times (x 110B)
Class [Lorg.objectweb.asm.Attribute;                                                  : loaded 2 times (x 67B)
Class org.gradle.api.internal.classpath.EffectiveClassPath                            : loaded 2 times (x 88B)
Class com.google.common.collect.UnmodifiableListIterator                              : loaded 2 times (x 93B)
Class com.google.common.io.Files                                                      : loaded 2 times (x 69B)
Class com.google.common.cache.CacheLoader$FunctionToCacheLoader                       : loaded 2 times (x 73B)
Class com.google.common.cache.CacheBuilder$1                                          : loaded 2 times (x 83B)
Class com.google.common.cache.CacheBuilder$2                                          : loaded 2 times (x 77B)
Class com.google.common.collect.ImmutableList$1                                       : loaded 2 times (x 95B)
Class com.google.common.base.Splitter$Strategy                                        : loaded 2 times (x 68B)
Class com.google.common.cache.CacheBuilder$3                                          : loaded 2 times (x 70B)
Class com.google.common.io.CharStreams                                                : loaded 2 times (x 69B)
Class com.google.common.collect.ImmutableMapEntrySet$RegularEntrySet                  : loaded 2 times (x 149B)
Class [Lcom.google.common.cache.RemovalListener;                                      : loaded 2 times (x 67B)
Class [Lcom.google.common.collect.ImmutableMapEntry;                                  : loaded 2 times (x 67B)
Class net.rubygrapefruit.platform.internal.Platform$Unsupported                       : loaded 2 times (x 77B)
Class com.google.common.collect.Interners                                             : loaded 2 times (x 69B)
Class com.google.common.collect.MapMakerInternalMap$Strength$1                        : loaded 2 times (x 78B)
Class org.gradle.internal.installation.CurrentGradleInstallation                      : loaded 2 times (x 71B)
Class com.google.common.collect.MapMakerInternalMap$Strength$2                        : loaded 2 times (x 78B)
Class org.gradle.internal.installation.CurrentGradleInstallationLocator               : loaded 2 times (x 69B)
Class [Lcom.google.common.cache.LocalCache$Segment;                                   : loaded 2 times (x 67B)
Class org.gradle.api.internal.classpath.Module                                        : loaded 2 times (x 68B)
Class com.google.common.io.ByteSource$ByteArrayByteSource                             : loaded 2 times (x 83B)
Class com.google.common.collect.Multimaps$CustomSetMultimap                           : loaded 2 times (x 176B)
Class com.google.common.collect.ImmutableSortedSet                                    : loaded 2 times (x 233B)
Class com.google.common.base.Splitter$1$1                                             : loaded 2 times (x 84B)
Class net.rubygrapefruit.platform.internal.NativeLibraryLoader                        : loaded 2 times (x 71B)
Class com.google.common.collect.MapMakerInternalMap$Segment                           : loaded 2 times (x 140B)
Class com.google.common.collect.ImmutableSet$JdkBackedSetBuilderImpl                  : loaded 2 times (x 74B)
Class Dependency_version_checker_gradle                                               : loaded 2 times (x 128B)
Class com.google.common.reflect.Types$TypeVariableInvocationHandler                   : loaded 2 times (x 73B)
Class com.google.common.reflect.Types$ClassOwnership                                  : loaded 2 times (x 78B)
Class [Lorg.jetbrains.kotlin.config.LanguageOrApiVersion;                             : loaded 2 times (x 67B)
Class com.google.common.collect.ImmutableSet$RegularSetBuilderImpl                    : loaded 2 times (x 75B)
Class [Lorg.objectweb.asm.AnnotationWriter;                                           : loaded 2 times (x 67B)
Class build_1p2yb1o645n6h2egz0jhctyjf$_run_closure1                                   : loaded 2 times (x 134B)
Class org.gradle.internal.service.CachingServiceLocator                               : loaded 2 times (x 80B)
Class [Lcom.google.common.collect.ImmutableEntry;                                     : loaded 2 times (x 67B)
Class net.rubygrapefruit.platform.internal.Platform$Linux64Bit                        : loaded 2 times (x 81B)
Class org.objectweb.asm.Handle                                                        : loaded 2 times (x 70B)
Class com.google.common.collect.Sets$ImprovedAbstractSet                              : loaded 2 times (x 133B)
Class com.google.common.collect.AbstractMapBasedMultimap$AsMap                        : loaded 2 times (x 126B)
Class org.gradle.internal.classpath.DefaultClassPath                                  : loaded 2 times (x 88B)
Class com.google.common.collect.AbstractSetMultimap                                   : loaded 2 times (x 172B)
Class com.google.common.collect.MapMakerInternalMap$1                                 : loaded 2 times (x 81B)
Class org.gradle.api.Transformer                                                      : loaded 2 times (x 68B)
Class com.google.common.collect.AbstractMapBasedMultimap$2                            : loaded 2 times (x 83B)
Class com.google.common.util.concurrent.AbstractFuture$SetFuture                      : loaded 2 times (x 73B)
Class com.google.common.collect.CollectCollectors                                     : loaded 2 times (x 69B)
Class build_egrxpyawwq0yadfvkl5epik4n$_run_closure1                                   : loaded 2 times (x 134B)
Class com.google.common.collect.ImmutableSortedMap$1EntrySet                          : loaded 2 times (x 151B)
Class build_ansqmei4x4c5b3pf46plnq5z4                                                 : loaded 2 times (x 178B)
Class com.google.common.collect.TransformedIterator                                   : loaded 2 times (x 78B)
Class com.google.common.base.Splitter$SplittingIterator                               : loaded 2 times (x 82B)
Class com.google.common.collect.ImmutableMultisetGwtSerializationDependencies         : loaded 2 times (x 123B)
Class com.google.common.reflect.TypeParameter                                         : loaded 2 times (x 70B)
Class com.google.common.collect.ImmutableListMultimap                                 : loaded 2 times (x 176B)
Class com.google.common.cache.LocalCache$LocalManualCache$1                           : loaded 2 times (x 73B)
Class org.jetbrains.kotlin.config.ExplicitApiMode                                     : loaded 2 times (x 77B)
Class com.google.common.reflect.Types$ClassOwnership$1LocalClass                      : loaded 2 times (x 69B)
Class com.google.common.collect.Lists$RandomAccessReverseList                         : loaded 2 times (x 160B)
Class [Lcom.google.common.collect.AbstractIterator$State;                             : loaded 2 times (x 67B)
Class org.objectweb.asm.SymbolTable$Entry                                             : loaded 2 times (x 72B)
Class [Lcom.google.common.cache.LocalCache$EntryFactory;                              : loaded 2 times (x 67B)
Class net.rubygrapefruit.platform.internal.jni.NativeLibraryFunctions                 : loaded 2 times (x 69B)
Class com.google.common.base.CharMatcher$Is                                           : loaded 2 times (x 109B)
Class com.google.common.base.Platform                                                 : loaded 2 times (x 69B)
Class com.google.common.collect.RegularImmutableAsList                                : loaded 2 times (x 176B)
Class build_674q1urx4v4qo18jywijk8lyv$_run_closure1                                   : loaded 2 times (x 134B)
Class com.google.common.base.Suppliers$NonSerializableMemoizingSupplier               : loaded 2 times (x 77B)
Class com.google.common.collect.PeekingIterator                                       : loaded 2 times (x 68B)
Class [Lcom.google.common.base.Supplier;                                              : loaded 2 times (x 67B)
Class com.google.common.collect.ImmutableSetMultimap                                  : loaded 2 times (x 180B)
Class com.google.common.io.Resources$UrlByteSource                                    : loaded 2 times (x 83B)
Class com.google.common.collect.AbstractMapBasedMultimap$WrappedSet                   : loaded 2 times (x 140B)
Class com.google.common.reflect.TypeResolver$TypeTable$1                              : loaded 2 times (x 71B)
Class com.google.common.collect.ImmutableMapEntrySet                                  : loaded 2 times (x 149B)
Class settings_c88ks88aljpnqj3ps0s5h1e4g                                              : loaded 2 times (x 177B)
Class com.google.common.cache.CacheLoader                                             : loaded 2 times (x 72B)
Class org.objectweb.asm.Opcodes                                                       : loaded 2 times (x 68B)
Class com.google.common.collect.ImmutableBiMapFauxverideShim                          : loaded 2 times (x 118B)
Class org.objectweb.asm.MethodTooLargeException                                       : loaded 2 times (x 81B)
Class NativePluginLoader$getDependenciesMetadata$0                                    : loaded 2 times (x 150B)
Class build_7ylml0yrp9fyvokc6ml8hviv3                                                 : loaded 2 times (x 178B)
Class com.google.common.reflect.Types$1                                               : loaded 2 times (x 82B)
Class com.google.common.cache.Cache                                                   : loaded 2 times (x 68B)
Class com.google.common.collect.Maps$EntrySet                                         : loaded 2 times (x 134B)
Class org.jetbrains.kotlin.config.ApiVersion                                          : loaded 2 times (x 84B)
Class org.gradle.internal.classloader.SystemClassLoaderSpec                           : loaded 2 times (x 69B)
Class com.google.common.io.LineBuffer                                                 : loaded 2 times (x 73B)
Class com.google.common.util.concurrent.internal.InternalFutureFailureAccess          : loaded 2 times (x 70B)
Class com.google.common.io.CharSource$StringCharSource                                : loaded 2 times (x 84B)
Class net.rubygrapefruit.platform.internal.Platform$FreeBSD64Bit                      : loaded 2 times (x 80B)
Class com.google.common.base.Charsets                                                 : loaded 2 times (x 69B)
Class org.jetbrains.kotlin.utils.DescriptionAware                                     : loaded 2 times (x 68B)
Class com.google.common.primitives.Ints$IntConverter                                  : loaded 2 times (x 88B)
Class com.google.common.collect.SingletonImmutableSet                                 : loaded 2 times (x 146B)
Class com.google.common.collect.Interners$InternerBuilder                             : loaded 2 times (x 74B)
Class com.google.common.reflect.Types$TypeVariableImpl                                : loaded 2 times (x 70B)
Class [Lcom.google.common.base.AbstractIterator$State;                                : loaded 2 times (x 67B)
Class com.google.common.collect.ImmutableMap$Builder                                  : loaded 2 times (x 78B)
Class com.google.common.io.LineReader$1                                               : loaded 2 times (x 73B)
Class net.rubygrapefruit.platform.internal.Platform$MacOs                             : loaded 2 times (x 80B)
Class com.google.common.base.AbstractIterator                                         : loaded 2 times (x 78B)
Class build_2v2gj3h2ra2y6zxwk55quoon                                                  : loaded 2 times (x 179B)
Class org.objectweb.asm.ClassWriter                                                   : loaded 2 times (x 102B)
Class build_2v2gj3h2ra2y6zxwk55quoon$_run_closure1                                    : loaded 2 times (x 134B)
Class com.google.common.collect.Range                                                 : loaded 2 times (x 85B)
Class org.apache.commons.io.IOUtils                                                   : loaded 2 times (x 69B)
Class org.jetbrains.kotlin.config.LanguageVersion                                     : loaded 2 times (x 88B)
Class com.google.common.base.AbstractIterator$1                                       : loaded 2 times (x 69B)
Class org.jetbrains.kotlin.config.MavenComparableVersion$Item                         : loaded 2 times (x 68B)
Class [Lcom.google.common.cache.CacheBuilder$OneWeigher;                              : loaded 2 times (x 67B)
Class net.rubygrapefruit.platform.NativeIntegrationLinkageException                   : loaded 2 times (x 80B)
Class com.google.common.collect.Iterators                                             : loaded 2 times (x 69B)
Class com.google.common.base.CharMatcher$Ascii                                        : loaded 2 times (x 110B)
Class com.google.common.base.CharMatcher$1                                            : loaded 2 times (x 111B)
Class com.google.common.cache.LocalCache$SoftValueReference                           : loaded 2 times (x 95B)
Class com.google.common.collect.ImmutableList$SerializedForm                          : loaded 2 times (x 71B)
Class org.gradle.api.UncheckedIOException                                             : loaded 2 times (x 80B)
Class com.google.common.base.CharMatcher$And                                          : loaded 2 times (x 110B)
Class build_dk6rsojfjmsvwl5dhkac29pq1                                                 : loaded 2 times (x 178B)
Class com.google.common.reflect.Element                                               : loaded 2 times (x 100B)
Class com.google.common.io.Files$FileByteSink                                         : loaded 2 times (x 75B)
Class [Lcom.google.common.io.FileWriteMode;                                           : loaded 2 times (x 67B)
Class com.google.common.collect.IndexedImmutableSet                                   : loaded 2 times (x 148B)
Class com.google.common.base.ExtraObjectsMethodsForWeb                                : loaded 2 times (x 69B)
Class com.google.common.collect.IndexedImmutableSet$1                                 : loaded 2 times (x 172B)
Class com.google.common.collect.AbstractListMultimap                                  : loaded 2 times (x 170B)
Class com.google.common.base.CharMatcher$Any                                          : loaded 2 times (x 110B)
Class com.google.common.reflect.TypeCapture                                           : loaded 2 times (x 69B)
Class com.google.common.cache.LocalCache$Strength                                     : loaded 2 times (x 79B)
Class com.google.common.collect.AbstractMapBasedMultimap$KeySet                       : loaded 2 times (x 135B)
Class com.google.common.collect.SortedIterable                                        : loaded 2 times (x 68B)
Class com.google.common.collect.ArrayListMultimapGwtSerializationDependencies         : loaded 2 times (x 170B)
Class com.google.common.base.CharMatcher$RangesMatcher                                : loaded 2 times (x 110B)
Class com.google.common.collect.AbstractMapBasedMultimap$RandomAccessWrappedList      : loaded 2 times (x 165B)
Class org.objectweb.asm.Handler                                                       : loaded 2 times (x 70B)
Class com.google.common.collect.ImmutableSortedSet$Builder                            : loaded 2 times (x 84B)
Class net.rubygrapefruit.platform.internal.Platform$Linux32Bit                        : loaded 2 times (x 81B)
Class com.google.common.collect.ImmutableList$SubList                                 : loaded 2 times (x 168B)
Class net.rubygrapefruit.platform.internal.Platform$MacOs64Bit                        : loaded 2 times (x 80B)
Class build_doyw5p7rxtlvs9o7viwg7dxvk$_run_closure1                                   : loaded 2 times (x 134B)
Class com.google.common.cache.LocalCache$ValueReference                               : loaded 2 times (x 68B)
Class com.google.common.collect.CollectSpliterators                                   : loaded 2 times (x 69B)
Class build_b59z8g5of3pqnovy4jv542f8d$_run_closure1                                   : loaded 2 times (x 134B)
Class org.objectweb.asm.ClassReader                                                   : loaded 2 times (x 90B)
Class com.google.common.io.Java8Compatibility                                         : loaded 2 times (x 69B)
Class org.gradle.internal.classloader.ClasspathUtil                                   : loaded 2 times (x 69B)
Class org.apache.commons.io.FileUtils                                                 : loaded 2 times (x 69B)
Class org.objectweb.asm.CurrentFrame                                                  : loaded 2 times (x 71B)
Class com.google.common.util.concurrent.AbstractFuture                                : loaded 2 times (x 93B)
Class com.google.common.reflect.TypeResolver                                          : loaded 2 times (x 70B)
Class build_b2a1qrw43qbwu1mgiuz118tpk                                                 : loaded 2 times (x 178B)
Class build_dk6rsojfjmsvwl5dhkac29pq1$_run_closure1                                   : loaded 2 times (x 134B)
Class com.google.common.base.Splitter$1                                               : loaded 2 times (x 75B)
Class com.google.common.collect.ReverseOrdering                                       : loaded 2 times (x 113B)
Class com.google.common.collect.TransformedListIterator                               : loaded 2 times (x 91B)
Class com.google.common.cache.LocalCache$ValueIterator                                : loaded 2 times (x 84B)
Class com.google.common.base.Ticker$1                                                 : loaded 2 times (x 70B)
Class com.google.common.collect.Maps$BiMapConverter                                   : loaded 2 times (x 88B)
Class org.gradle.api.internal.DefaultClassPathRegistry                                : loaded 2 times (x 74B)
Class org.jetbrains.kotlin.config.LanguageOrApiVersion                                : loaded 2 times (x 68B)
Class build_7ylml0yrp9fyvokc6ml8hviv3$_run_closure1                                   : loaded 2 times (x 134B)
Class com.google.common.collect.ImmutableSortedMap                                    : loaded 2 times (x 176B)
Class com.google.common.collect.AbstractIterator$State                                : loaded 2 times (x 77B)
Class com.google.common.util.concurrent.AbstractFuture$Cancellation                   : loaded 2 times (x 70B)
Class [Lorg.objectweb.asm.Symbol;                                                     : loaded 2 times (x 67B)
Class com.google.common.collect.Multimaps$Entries                                     : loaded 2 times (x 116B)
Class com.google.common.collect.Interner                                              : loaded 2 times (x 68B)
Class com.google.common.collect.ImmutableSet$SetBuilderImpl                           : loaded 2 times (x 74B)
Class org.gradle.api.internal.classpath.DefaultModuleRegistry$DefaultModule           : loaded 2 times (x 84B)
Class net.rubygrapefruit.platform.internal.Platform                                   : loaded 2 times (x 77B)
Class com.google.common.io.LineReader                                                 : loaded 2 times (x 70B)
Class com.google.common.base.CharMatcher$JavaIsoControl                               : loaded 2 times (x 110B)
Class com.google.common.collect.ImmutableMap$1                                        : loaded 2 times (x 79B)
Class org.jetbrains.kotlin.config.ApiVersion$Companion                                : loaded 2 times (x 69B)
Class org.jetbrains.kotlin.config.JvmDefaultMode$Companion                            : loaded 2 times (x 69B)
Class com.google.common.base.CharMatcher$Or                                           : loaded 2 times (x 110B)
Class com.google.common.collect.ImmutableSortedAsList                                 : loaded 2 times (x 180B)
Class com.google.common.base.Suppliers$SupplierOfInstance                             : loaded 2 times (x 77B)
Class org.objectweb.asm.RecordComponentVisitor                                        : loaded 2 times (x 75B)
Class com.google.common.reflect.Types$ClassOwnership$1                                : loaded 2 times (x 78B)
Class com.google.common.reflect.Invokable                                             : loaded 2 times (x 116B)
Class com.google.common.reflect.Types$ClassOwnership$2                                : loaded 2 times (x 78B)
Class com.google.common.reflect.Types$ClassOwnership$3                                : loaded 2 times (x 69B)
Class com.google.common.cache.LocalCache$HashIterator                                 : loaded 2 times (x 84B)
Class com.google.common.collect.Iterables                                             : loaded 2 times (x 69B)
Class com.google.common.base.CharMatcher$JavaLowerCase                                : loaded 2 times (x 109B)
Class com.google.common.cache.LocalCache$WriteThroughEntry                            : loaded 2 times (x 77B)
Class org.objectweb.asm.ClassTooLargeException                                        : loaded 2 times (x 81B)
Class org.jetbrains.kotlin.config.LanguageVersion$Companion                           : loaded 2 times (x 69B)
Class org.gradle.api.internal.classpath.UnknownModuleException                        : loaded 2 times (x 80B)
Class com.google.common.collect.FluentIterable                                        : loaded 2 times (x 79B)
Class com.google.common.util.concurrent.AbstractFuture$Listener                       : loaded 2 times (x 70B)
Class build_82vss1sflvje4wfpxr1kw5wfb$_run_closure1$_closure3                         : loaded 2 times (x 134B)
Class com.google.common.collect.Iterables$4                                           : loaded 2 times (x 79B)
Class org.objectweb.asm.Edge                                                          : loaded 2 times (x 70B)
Class build_3u5qh7pjn0grd8pynlwpm91fn                                                 : loaded 2 times (x 178B)
Class com.google.common.collect.Maps$EntryTransformer                                 : loaded 2 times (x 68B)
Class com.google.common.collect.ImmutableCollection$Builder                           : loaded 2 times (x 74B)
Class com.google.common.io.ByteArrayDataInput                                         : loaded 2 times (x 68B)
Class net.rubygrapefruit.platform.internal.Platform$Window64Bit                       : loaded 2 times (x 77B)
Class [Lorg.objectweb.asm.SymbolTable$Entry;                                          : loaded 2 times (x 67B)
Class com.google.common.reflect.Types$JavaVersion                                     : loaded 2 times (x 81B)
Class com.google.common.collect.SingletonImmutableBiMap                               : loaded 2 times (x 142B)
Class build_4j6043uyjr9pag8x2nt9fzbns$_run_closure1$_closure3                         : loaded 2 times (x 134B)
Class com.google.common.base.CommonPattern                                            : loaded 2 times (x 72B)
Class com.google.common.collect.CollectSpliterators$1WithCharacteristics              : loaded 2 times (x 88B)
Class com.google.common.base.Suppliers$MemoizingSupplier                              : loaded 2 times (x 77B)
Class com.google.common.base.Suppliers                                                : loaded 2 times (x 69B)
Class net.rubygrapefruit.platform.internal.Platform$FreeBSD32Bit                      : loaded 2 times (x 80B)
Class [Lcom.google.common.collect.Iterators$EmptyModifiableIterator;                  : loaded 2 times (x 67B)
Class org.objectweb.asm.ClassVisitor                                                  : loaded 2 times (x 85B)
Class com.google.common.cache.LoadingCache                                            : loaded 2 times (x 68B)
Class org.gradle.internal.service.ServiceLookupException                              : loaded 2 times (x 80B)
Class com.google.common.collect.MapMakerInternalMap$StrongKeyDummyValueSegment        : loaded 2 times (x 140B)
Class build_674q1urx4v4qo18jywijk8lyv                                                 : loaded 2 times (x 178B)
Class org.gradle.cache.GlobalCache                                                    : loaded 2 times (x 68B)
Class com.google.common.base.Present                                                  : loaded 2 times (x 79B)
Class com.google.common.collect.ReverseNaturalOrdering                                : loaded 2 times (x 112B)
Class NativePluginLoader                                                              : loaded 2 times (x 91B)
Class com.google.common.base.CharMatcher$NegatedFastMatcher                           : loaded 2 times (x 111B)
Class [Lorg.gradle.api.internal.ClassPathProvider;                                    : loaded 2 times (x 67B)
Class com.google.common.util.concurrent.AbstractFuture$SafeAtomicHelper               : loaded 2 times (x 75B)
Class com.google.common.collect.ImmutableMultimap$Values                              : loaded 2 times (x 124B)
Class net.rubygrapefruit.platform.internal.Platform$FreeBSD                           : loaded 2 times (x 80B)
Class org.gradle.util.internal.GUtil                                                  : loaded 2 times (x 69B)
Class net.rubygrapefruit.platform.internal.Platform$Unix                              : loaded 2 times (x 80B)
Class com.google.common.math.IntMath                                                  : loaded 2 times (x 69B)
Class [Lcom.google.common.reflect.Types$JavaVersion;                                  : loaded 2 times (x 67B)
Class net.rubygrapefruit.platform.Process                                             : loaded 2 times (x 68B)
Class com.google.common.collect.AbstractIterator                                      : loaded 2 times (x 80B)
Class org.gradle.internal.classloader.ClassLoaderSpec                                 : loaded 2 times (x 69B)
Class com.google.common.io.LineProcessor                                              : loaded 2 times (x 68B)
Class NativePluginLoader$_getPlugins_closure1                                         : loaded 2 times (x 134B)
Class com.google.common.io.CharSink                                                   : loaded 2 times (x 77B)
Class org.objectweb.asm.Frame                                                         : loaded 2 times (x 71B)
Class com.google.common.cache.LocalCache$LocalManualCache                             : loaded 2 times (x 97B)
Class com.google.common.collect.AbstractMapEntry                                      : loaded 2 times (x 79B)
Class com.google.common.collect.ImmutableList$Builder                                 : loaded 2 times (x 75B)
Class com.google.common.base.CharMatcher$Negated                                      : loaded 2 times (x 111B)
Class net.rubygrapefruit.platform.NativeIntegrationUnavailableException               : loaded 2 times (x 80B)
Class com.google.common.cache.CacheLoader$1                                           : loaded 2 times (x 73B)
Class net.rubygrapefruit.platform.NativeIntegration                                   : loaded 2 times (x 68B)
Class [Lcom.google.common.collect.MapMakerInternalMap$Strength;                       : loaded 2 times (x 67B)
Class com.google.common.util.concurrent.AbstractFuture$TrustedFuture                  : loaded 2 times (x 95B)
Class com.google.common.collect.MapMakerInternalMap$InternalEntry                     : loaded 2 times (x 68B)
Class org.apache.commons.io.FileExistsException                                       : loaded 2 times (x 80B)
Class com.google.common.collect.Maps$ViewCachingAbstractMap                           : loaded 2 times (x 123B)
Class org.jetbrains.kotlin.config.ExplicitApiMode$Companion                           : loaded 2 times (x 69B)
Class com.google.common.collect.Sets                                                  : loaded 2 times (x 69B)
Class build_82vss1sflvje4wfpxr1kw5wfb                                                 : loaded 2 times (x 179B)
Class com.google.common.collect.ImmutableSet$Builder                                  : loaded 2 times (x 83B)
Class com.google.common.collect.MapMakerInternalMap                                   : loaded 2 times (x 159B)
Class com.google.common.base.CharMatcher$ForPredicate                                 : loaded 2 times (x 110B)
Class com.google.common.collect.ImmutableMap$MapViewOfValuesAsSingletonSets           : loaded 2 times (x 123B)
Class org.apache.commons.io.output.StringBuilderWriter                                : loaded 2 times (x 98B)
Class net.rubygrapefruit.platform.internal.Platform$MacOs32Bit                        : loaded 2 times (x 80B)
Class com.google.common.collect.ImmutableMapKeySet                                    : loaded 2 times (x 148B)
Class com.google.common.base.MoreObjects                                              : loaded 2 times (x 69B)
Class com.google.common.collect.SortedMapDifference                                   : loaded 2 times (x 68B)
Class org.objectweb.asm.SymbolTable                                                   : loaded 2 times (x 70B)
Class [Lorg.objectweb.asm.AnnotationVisitor;                                          : loaded 2 times (x 67B)
Class com.google.common.cache.CacheStats                                              : loaded 2 times (x 69B)
Class org.objectweb.asm.Attribute                                                     : loaded 2 times (x 75B)
Class org.gradle.internal.classloader.VisitableURLClassLoader                         : loaded 2 times (x 115B)
Class com.google.common.cache.LocalCache$LocalLoadingCache                            : loaded 2 times (x 132B)
Class com.google.common.io.CharSource$CharSequenceCharSource                          : loaded 2 times (x 84B)
Class com.google.common.base.Supplier                                                 : loaded 2 times (x 68B)
Class com.google.common.collect.HashBiMap$BiEntry                                     : loaded 2 times (x 81B)
Class com.google.common.collect.ImmutableMultimap$Keys                                : loaded 2 times (x 164B)
Class com.google.common.base.Objects                                                  : loaded 2 times (x 69B)
Class com.google.common.util.concurrent.AbstractFuture$AtomicHelper                   : loaded 2 times (x 74B)
Class com.google.common.collect.ImmutableBiMap                                        : loaded 2 times (x 142B)
Class org.gradle.internal.Cast                                                        : loaded 2 times (x 69B)
Class com.google.common.hash.PrimitiveSink                                            : loaded 2 times (x 68B)
Class com.google.common.io.CharSource$EmptyCharSource                                 : loaded 2 times (x 84B)
Class Build_gradle                                                                    : loaded 2 times (x 128B)
Class org.gradle.api.internal.ClassPathRegistry                                       : loaded 2 times (x 68B)
Class com.google.common.cache.LocalCache$EntryFactory                                 : loaded 2 times (x 81B)
Class com.google.common.util.concurrent.UncheckedExecutionException                   : loaded 2 times (x 80B)
Class com.google.common.collect.ImmutableSet                                          : loaded 2 times (x 145B)
Class org.gradle.internal.classloader.ClassLoaderHierarchy                            : loaded 2 times (x 68B)
Class NativePluginLoader$getPlugins                                                   : loaded 2 times (x 150B)
Class com.google.common.collect.Lists$ReverseList                                     : loaded 2 times (x 160B)
Class com.google.common.io.Closer$Suppressor                                          : loaded 2 times (x 68B)
Class net.rubygrapefruit.platform.internal.LibraryDef                                 : loaded 2 times (x 70B)
Class com.google.common.collect.AbstractMapBasedMultimap$WrappedList                  : loaded 2 times (x 165B)
Class [Lorg.objectweb.asm.Type;                                                       : loaded 2 times (x 67B)
Class com.google.common.collect.MapMakerInternalMap$WeakValueReference                : loaded 2 times (x 68B)
Class com.google.common.collect.Lists$ReverseList$1                                   : loaded 2 times (x 97B)
Class com.google.common.base.AbstractIterator$State                                   : loaded 2 times (x 77B)
Class org.jetbrains.kotlin.config.LanguageVersionSettings                             : loaded 2 times (x 68B)
Class com.google.common.cache.Weigher                                                 : loaded 2 times (x 68B)
Class com.google.common.collect.MapMakerInternalMap$StrongValueEntry                  : loaded 2 times (x 68B)
Class com.google.common.base.CharMatcher$NamedFastMatcher                             : loaded 2 times (x 110B)
Class org.apache.commons.io.output.NullOutputStream                                   : loaded 2 times (x 83B)
Class com.google.common.collect.AbstractMapBasedMultimap$AsMap$AsMapEntries           : loaded 2 times (x 136B)
Class org.gradle.internal.service.ServiceLocator                                      : loaded 2 times (x 68B)
Class net.rubygrapefruit.platform.internal.Platform$Linux                             : loaded 2 times (x 81B)
Class org.jetbrains.kotlin.config.MavenComparableVersion                              : loaded 2 times (x 76B)
Class com.google.common.collect.ImmutableRangeSet$1                                   : loaded 2 times (x 169B)
Class com.google.common.util.concurrent.SettableFuture                                : loaded 2 times (x 95B)
Class net.rubygrapefruit.platform.NativeException                                     : loaded 2 times (x 80B)
Class net.rubygrapefruit.platform.Native                                              : loaded 2 times (x 69B)
Class com.google.common.io.Files$2                                                    : loaded 2 times (x 74B)
Class com.google.common.collect.ImmutableMapEntry                                     : loaded 2 times (x 83B)
Class com.google.common.reflect.Types$ParameterizedTypeImpl                           : loaded 2 times (x 79B)
Class net.rubygrapefruit.platform.internal.Platform$Window32Bit                       : loaded 2 times (x 77B)
Class com.google.common.io.ByteStreams                                                : loaded 2 times (x 69B)
Class com.google.common.base.CharMatcher$Invisible                                    : loaded 2 times (x 110B)
Class com.google.common.base.Joiner$1                                                 : loaded 2 times (x 78B)
Class com.google.common.collect.MapMaker                                              : loaded 2 times (x 70B)
Class com.google.common.base.Joiner$2                                                 : loaded 2 times (x 77B)
Class com.google.common.collect.HashBiMap                                             : loaded 2 times (x 141B)
Class com.google.common.collect.ImmutableMultiset                                     : loaded 2 times (x 161B)
Class com.google.common.reflect.Types$JavaVersion$1                                   : loaded 2 times (x 81B)
Class com.google.common.base.CharMatcher$FastMatcher                                  : loaded 2 times (x 109B)
Class com.google.common.reflect.Types$JavaVersion$2                                   : loaded 2 times (x 81B)
Class [Lorg.jetbrains.kotlin.config.LanguageVersion;                                  : loaded 2 times (x 67B)
Class [Lorg.objectweb.asm.Label;                                                      : loaded 2 times (x 67B)
Class com.google.common.reflect.Types$JavaVersion$3                                   : loaded 2 times (x 81B)
Class org.gradle.internal.classpath.DefaultClassPath$ImmutableUniqueList              : loaded 2 times (x 159B)
Class com.google.common.reflect.Types$JavaVersion$4                                   : loaded 2 times (x 81B)
Class com.google.common.reflect.Types$JavaVersion$5                                   : loaded 2 times (x 69B)
Class com.google.common.base.CharMatcher$JavaLetter                                   : loaded 2 times (x 109B)
Class com.google.common.collect.ImmutableMultimap$1                                   : loaded 2 times (x 80B)
Class com.google.common.collect.ImmutableMultimap$2                                   : loaded 2 times (x 79B)
Class com.google.common.io.Resources                                                  : loaded 2 times (x 69B)
Class com.google.common.collect.MapDifference                                         : loaded 2 times (x 68B)
Class com.google.common.io.ByteSource$EmptyByteSource                                 : loaded 2 times (x 83B)
Class com.google.common.reflect.TypeToken$SimpleTypeToken                             : loaded 2 times (x 71B)
Class com.google.common.collect.Sets$1                                                : loaded 2 times (x 137B)
Class com.google.common.collect.Sets$2                                                : loaded 2 times (x 137B)
Class com.google.common.util.concurrent.AbstractFuture$Trusted                        : loaded 2 times (x 68B)
Class com.google.common.collect.Sets$3                                                : loaded 2 times (x 137B)
Class com.google.common.graph.SuccessorsFunction                                      : loaded 2 times (x 68B)
Class com.google.common.collect.Sets$4                                                : loaded 2 times (x 137B)
Class com.google.common.reflect.Types$NativeTypeVariableEquals                        : loaded 2 times (x 69B)
Class com.google.common.io.ByteSink                                                   : loaded 2 times (x 74B)
Class com.google.common.collect.AbstractMapBasedMultimap$WrappedCollection$WrappedIterator: loaded 2 times (x 82B)
Class org.objectweb.asm.MethodWriter                                                  : loaded 2 times (x 103B)
Class build_egrxpyawwq0yadfvkl5epik4n                                                 : loaded 2 times (x 178B)
Class com.google.common.collect.Multimaps                                             : loaded 2 times (x 69B)
Class com.google.common.collect.Platform                                              : loaded 2 times (x 69B)
Class com.google.common.collect.ImmutableAsList                                       : loaded 2 times (x 169B)
Class com.google.common.util.concurrent.ExecutionError                                : loaded 2 times (x 80B)
Class com.google.common.io.ByteSink$AsCharSink                                        : loaded 2 times (x 78B)
Class com.google.common.base.Equivalence$Identity                                     : loaded 2 times (x 80B)
Class com.google.common.base.CharMatcher$AnyOf                                        : loaded 2 times (x 110B)
Class com.google.common.base.CharMatcher$IsEither                                     : loaded 2 times (x 109B)
Class com.google.common.collect.ImmutableSortedMapFauxverideShim                      : loaded 2 times (x 118B)
Class com.google.common.collect.AbstractIterator$1                                    : loaded 2 times (x 69B)
Class com.google.common.io.CharSource                                                 : loaded 2 times (x 83B)
Class com.google.common.cache.LocalCache                                              : loaded 2 times (x 185B)
Class com.google.common.collect.ImmutableRangeSet$Builder                             : loaded 2 times (x 75B)
Class com.google.common.collect.RegularImmutableList                                  : loaded 2 times (x 172B)
Class com.google.common.util.concurrent.AbstractFuture$UnsafeAtomicHelper$1           : loaded 2 times (x 74B)
Class com.google.common.base.CharMatcher$JavaUpperCase                                : loaded 2 times (x 109B)
Class com.google.common.collect.Multiset                                              : loaded 2 times (x 68B)
Class net.rubygrapefruit.platform.internal.jni.WindowsHandleFunctions                 : loaded 2 times (x 69B)
Class com.google.common.collect.AbstractMultimap$Entries                              : loaded 2 times (x 118B)
Class com.google.common.reflect.Invokable$ConstructorInvokable                        : loaded 2 times (x 120B)
Class org.objectweb.asm.MethodVisitor                                                 : loaded 2 times (x 102B)
Class com.google.common.collect.NullsLastOrdering                                     : loaded 2 times (x 113B)
Class com.google.common.collect.AbstractMapBasedMultimap$KeySet$1                     : loaded 2 times (x 80B)
Class com.google.common.collect.ImmutableMapEntry$NonTerminalImmutableMapEntry        : loaded 2 times (x 83B)
Class com.google.common.collect.AbstractMapBasedMultimap                              : loaded 2 times (x 137B)
Class build_b59z8g5of3pqnovy4jv542f8d                                                 : loaded 2 times (x 178B)


---------------  S Y S T E M  ---------------

OS:
 Windows 11 , 64 bit Build 22621 (10.0.22621.4391)
OS uptime: 8 days 9:28 hours

CPU: total 8 (initial active 8) (4 cores per cpu, 2 threads per core) family 6 model 154 stepping 4 microcode 0x424, cx8, cmov, fxsr, ht, mmx, 3dnowpref, sse, sse2, sse3, ssse3, sse4.1, sse4.2, popcnt, lzcnt, tsc, tscinvbit, avx, avx2, aes, erms, clmul, bmi1, bmi2, adx, sha, fma, vzeroupper, clflush, clflushopt, clwb
Processor Information for processor 0
  Max Mhz: 1200, Current Mhz: 1200, Mhz Limit: 1200
Processor Information for processor 1
  Max Mhz: 1200, Current Mhz: 1200, Mhz Limit: 1200
Processor Information for processor 2
  Max Mhz: 1200, Current Mhz: 1200, Mhz Limit: 1200
Processor Information for processor 3
  Max Mhz: 1200, Current Mhz: 1200, Mhz Limit: 1200
Processor Information for processor 4
  Max Mhz: 900, Current Mhz: 900, Mhz Limit: 900
Processor Information for processor 5
  Max Mhz: 900, Current Mhz: 900, Mhz Limit: 900
Processor Information for processor 6
  Max Mhz: 900, Current Mhz: 900, Mhz Limit: 900
Processor Information for processor 7
  Max Mhz: 900, Current Mhz: 900, Mhz Limit: 900

Memory: 4k page, system-wide physical 16108M (1942M free)
TotalPageFile size 24300M (AvailPageFile size 71M)
current process WorkingSet (physical memory assigned to process): 1916M, peak: 1926M
current process commit charge ("private bytes"): 1955M, peak: 2179M

vm_info: OpenJDK 64-Bit Server VM (17.0.11+0--11852314) for windows-amd64 JRE (17.0.11+0--11852314), built on May 16 2024 21:29:20 by "androidbuild" with MS VC++ 16.10 / 16.11 (VS2019)

END.
